2026-09-18T06:36:04.5601920Z Current runner version: '2.337.0'
2026-09-18T06:36:04.5812753Z ##[group]Runner Image Provisioner
2026-09-18T06:36:04.5813987Z Hosted Compute Agent
2026-09-18T06:36:04.5814799Z Version: 20260828.587
2026-09-18T06:36:04.5815725Z Commit: abac92662cab4cc7352de4f9f9d2e2419aad9c29
2026-09-18T06:36:04.5816863Z Build Date: 2026-08-28T16:44:25Z
2026-09-18T06:36:04.5817924Z Worker ID: {4260c52b-2376-481b-9e6d-99c0a0bf4055}
2026-09-18T06:36:04.5819005Z Azure Region: centralus
2026-09-18T06:36:04.5819806Z ##[endgroup]
2026-09-18T06:36:04.5822090Z ##[group]Operating System
2026-09-18T06:36:04.5823313Z Microsoft Windows Server 2025
2026-09-18T06:36:04.5824169Z 10.0.26100
2026-09-18T06:36:04.5824919Z Datacenter
2026-09-18T06:36:04.5825630Z ##[endgroup]
2026-09-18T06:36:04.5826356Z ##[group]Runner Image
2026-09-18T06:36:04.5828211Z Image: windows-2025-vs2026
2026-09-18T06:36:04.5829112Z Version: 20260907.229.1
2026-09-18T06:36:04.5831555Z Included Software: https://github.com/actions/runner-images/blob/win25-vs2026/20260907.229/images/windows/Windows2025-VS2026-Readme.md
2026-09-18T06:36:04.5834002Z Image Release: https://github.com/actions/runner-images/releases/tag/win25-vs2026%2F20260907.229
2026-09-18T06:36:04.5835506Z ##[endgroup]
2026-09-18T06:36:04.5837257Z ##[group]GITHUB_TOKEN Permissions
2026-09-18T06:36:04.5839960Z Actions: read
2026-09-18T06:36:04.5840755Z Contents: write
2026-09-18T06:36:04.5841605Z Metadata: read
2026-09-18T06:36:04.5842352Z ##[endgroup]
2026-09-18T06:36:04.5845199Z Secret source: Actions
2026-09-18T06:36:04.5846483Z Cache mode: write
2026-09-18T06:36:04.5847532Z Prepare workflow directory
2026-09-18T06:36:04.7164587Z Prepare all required actions
2026-09-18T06:36:04.7236409Z Getting action download info
2026-09-18T06:36:05.0066225Z Download action repository 'actions/checkout@v4' (SHA:11d5960a326750d5838078e36cf38b85af677262)
2026-09-18T06:36:05.1664252Z Download action repository 'actions/setup-python@v5' (SHA:a26af69be951a213d495a4c3e4e4022e16d87065)
2026-09-18T06:36:05.3732701Z Download action repository 'actions/setup-node@v4' (SHA:49933ea5288caeca8642d1e84afbd3f7d6820020)
2026-09-18T06:36:05.5804456Z Download action repository 'actions/setup-dotnet@v4' (SHA:67a3573c9a986a3f9c594539f4ab511d57bb3ce9)
2026-09-18T06:36:06.0699252Z Download action repository 'SSLcom/esigner-codesign@cf5f6c1d38ad10f47e3ed9aca873f429b1a8d85b' (SHA:cf5f6c1d38ad10f47e3ed9aca873f429b1a8d85b)
2026-09-18T06:36:06.6226099Z Download action repository 'actions/upload-artifact@v4' (SHA:ea165f8d65b6e75b540449e92b4886f43607fa02)
2026-09-18T06:36:07.5612630Z Complete job name: windows-installer-delivery
2026-09-18T06:36:08.0015239Z Node 20 is being deprecated. This workflow is running with Node 24 by default. If you need to temporarily use Node 20, you can set the ACTIONS_ALLOW_USE_UNSECURE_NODE_VERSION=true environment variable. For more information see: https://github.blog/changelog/2025-09-19-deprecation-of-node-20-on-github-actions-runners/
2026-09-18T06:36:08.0023968Z ##[group]Run actions/checkout@v4
2026-09-18T06:36:08.0024616Z with:
2026-09-18T06:36:08.0024993Z   ref: 54325894cc6e3fc2becfcbc98697a099310d9420
2026-09-18T06:36:08.0025529Z   repository: 42433422/XCMAX
2026-09-18T06:36:08.0028495Z   token: ***
2026-09-18T06:36:08.0028824Z   ssh-strict: true
2026-09-18T06:36:08.0029146Z   ssh-user: git
2026-09-18T06:36:08.0029469Z   persist-credentials: true
2026-09-18T06:36:08.0029830Z   clean: true
2026-09-18T06:36:08.0030181Z   sparse-checkout-cone-mode: true
2026-09-18T06:36:08.0030536Z   fetch-depth: 1
2026-09-18T06:36:08.0030910Z   fetch-tags: false
2026-09-18T06:36:08.0031289Z   show-progress: true
2026-09-18T06:36:08.0031638Z   lfs: false
2026-09-18T06:36:08.0031948Z   submodules: false
2026-09-18T06:36:08.0032292Z   set-safe-directory: true
2026-09-18T06:36:08.0032649Z   allow-unsafe-pr-checkout: false
2026-09-18T06:36:08.0033196Z env:
2026-09-18T06:36:08.0033572Z   XCAGI_BUILD_SHA: 54325894cc6e3fc2becfcbc98697a099310d9420
2026-09-18T06:36:08.0033994Z   PYTHONUTF8: 1
2026-09-18T06:36:08.0036467Z   PYTHONIOENCODING: utf-8
2026-09-18T06:36:08.0036809Z   ES_USERNAME: 
2026-09-18T06:36:08.0037101Z   ES_PASSWORD: 
2026-09-18T06:36:08.0037490Z   CREDENTIAL_ID: 
2026-09-18T06:36:08.0037939Z   ES_TOTP_SECRET: 
2026-09-18T06:36:08.0038351Z   XCAGI_WINDOWS_PUBLISHER_NAME: 
2026-09-18T06:36:08.0038728Z   XCAGI_WINDOWS_SIGNING_PROVIDER: sslcom
2026-09-18T06:36:08.0039084Z ##[endgroup]
2026-09-18T06:36:08.1871198Z Syncing repository: 42433422/XCMAX
2026-09-18T06:36:08.1873255Z ##[group]Getting Git version info
2026-09-18T06:36:08.1874077Z Working directory is 'D:\a\XCMAX\XCMAX'
2026-09-18T06:36:08.3010087Z [command]"C:\Program Files\Git\bin\git.exe" version
2026-09-18T06:36:08.7142444Z git version 2.55.0.windows.5
2026-09-18T06:36:08.7202501Z ##[endgroup]
2026-09-18T06:36:08.7226792Z Temporarily overriding HOME='D:\a\_temp\7cfaa808-9d4c-4c24-b0d0-0fb10e4d24b1' before making global git config changes
2026-09-18T06:36:08.7228348Z Adding repository directory to the temporary git global config as a safe directory
2026-09-18T06:36:08.7239794Z [command]"C:\Program Files\Git\bin\git.exe" config --global --add safe.directory D:\a\XCMAX\XCMAX
2026-09-18T06:36:08.7902788Z Deleting the contents of 'D:\a\XCMAX\XCMAX'
2026-09-18T06:36:08.7910274Z ##[group]Initializing the repository
2026-09-18T06:36:08.7922267Z [command]"C:\Program Files\Git\bin\git.exe" init D:\a\XCMAX\XCMAX
2026-09-18T06:36:08.8647733Z Initialized empty Git repository in D:/a/XCMAX/XCMAX/.git/
2026-09-18T06:36:08.8710493Z [command]"C:\Program Files\Git\bin\git.exe" remote add origin https://github.com/42433422/XCMAX
2026-09-18T06:36:08.9598508Z ##[endgroup]
2026-09-18T06:36:08.9599843Z ##[group]Disabling automatic garbage collection
2026-09-18T06:36:08.9610977Z [command]"C:\Program Files\Git\bin\git.exe" config --local gc.auto 0
2026-09-18T06:36:09.0047184Z ##[endgroup]
2026-09-18T06:36:09.0048252Z ##[group]Setting up auth
2026-09-18T06:36:09.0063930Z [command]"C:\Program Files\Git\bin\git.exe" config --local --name-only --get-regexp core\.sshCommand
2026-09-18T06:36:09.0505932Z [command]"C:\Program Files\Git\bin\git.exe" submodule foreach --recursive "sh -c \"git config --local --name-only --get-regexp 'core\.sshCommand' && git config --local --unset-all 'core.sshCommand' || :\""
2026-09-18T06:36:11.9542427Z [command]"C:\Program Files\Git\bin\git.exe" config --local --name-only --get-regexp http\.https\:\/\/github\.com\/\.extraheader
2026-09-18T06:36:12.1127923Z [command]"C:\Program Files\Git\bin\git.exe" submodule foreach --recursive "sh -c \"git config --local --name-only --get-regexp 'http\.https\:\/\/github\.com\/\.extraheader' && git config --local --unset-all 'http.https://github.com/.extraheader' || :\""
2026-09-18T06:36:13.4484146Z [command]"C:\Program Files\Git\bin\git.exe" config --local --name-only --get-regexp ^includeIf\.gitdir:
2026-09-18T06:36:13.5839784Z [command]"C:\Program Files\Git\bin\git.exe" submodule foreach --recursive "git config --local --show-origin --name-only --get-regexp remote.origin.url"
2026-09-18T06:36:15.6079547Z [command]"C:\Program Files\Git\bin\git.exe" config --local http.https://github.com/.extraheader "AUTHORIZATION: basic ***"
2026-09-18T06:36:15.7793589Z ##[endgroup]
2026-09-18T06:36:15.7818476Z ##[group]Fetching the repository
2026-09-18T06:36:15.7839317Z [command]"C:\Program Files\Git\bin\git.exe" -c protocol.version=2 fetch --no-tags --prune --no-recurse-submodules --depth=1 origin 54325894cc6e3fc2becfcbc98697a099310d9420
2026-09-18T06:36:25.6883456Z From https://github.com/42433422/XCMAX
2026-09-18T06:36:25.6884348Z  * branch            54325894cc6e3fc2becfcbc98697a099310d9420 -> FETCH_HEAD
2026-09-18T06:36:25.6935995Z ##[endgroup]
2026-09-18T06:36:25.6937033Z ##[group]Determining the checkout info
2026-09-18T06:36:25.6940641Z ##[endgroup]
2026-09-18T06:36:25.6950846Z [command]"C:\Program Files\Git\bin\git.exe" sparse-checkout disable
2026-09-18T06:36:25.7478340Z [command]"C:\Program Files\Git\bin\git.exe" config --local --unset-all extensions.worktreeConfig
2026-09-18T06:36:25.7922326Z ##[group]Checking out the ref
2026-09-18T06:36:25.7936081Z [command]"C:\Program Files\Git\bin\git.exe" checkout --progress --force 54325894cc6e3fc2becfcbc98697a099310d9420
2026-09-18T06:36:26.8583365Z Updating files:  24% (3441/13785)
2026-09-18T06:36:27.0854979Z Updating files:  25% (3447/13785)
2026-09-18T06:36:27.2909038Z Updating files:  26% (3585/13785)
2026-09-18T06:36:27.5247524Z Updating files:  27% (3722/13785)
2026-09-18T06:36:27.5756935Z Updating files:  28% (3860/13785)
2026-09-18T06:36:27.6050432Z Updating files:  29% (3998/13785)
2026-09-18T06:36:27.6358981Z Updating files:  30% (4136/13785)
2026-09-18T06:36:27.6664409Z Updating files:  31% (4274/13785)
2026-09-18T06:36:27.6975352Z Updating files:  32% (4412/13785)
2026-09-18T06:36:27.7228894Z Updating files:  33% (4550/13785)
2026-09-18T06:36:27.7525103Z Updating files:  34% (4687/13785)
2026-09-18T06:36:27.7787522Z Updating files:  35% (4825/13785)
2026-09-18T06:36:27.8132175Z Updating files:  36% (4963/13785)
2026-09-18T06:36:27.8494961Z Updating files:  37% (5101/13785)
2026-09-18T06:36:27.8676409Z Updating files:  38% (5239/13785)
2026-09-18T06:36:27.8820915Z Updating files:  38% (5314/13785)
2026-09-18T06:36:27.9072281Z Updating files:  39% (5377/13785)
2026-09-18T06:36:27.9803602Z Updating files:  40% (5514/13785)
2026-09-18T06:36:28.0130529Z Updating files:  41% (5652/13785)
2026-09-18T06:36:28.0459748Z Updating files:  42% (5790/13785)
2026-09-18T06:36:28.0780835Z Updating files:  43% (5928/13785)
2026-09-18T06:36:28.1101615Z Updating files:  44% (6066/13785)
2026-09-18T06:36:28.1419036Z Updating files:  45% (6204/13785)
2026-09-18T06:36:28.1749033Z Updating files:  46% (6342/13785)
2026-09-18T06:36:28.2077774Z Updating files:  47% (6479/13785)
2026-09-18T06:36:28.2470797Z Updating files:  48% (6617/13785)
2026-09-18T06:36:28.3623367Z Updating files:  49% (6755/13785)
2026-09-18T06:36:28.3943141Z Updating files:  50% (6893/13785)
2026-09-18T06:36:28.5585864Z Updating files:  51% (7031/13785)
2026-09-18T06:36:28.5852478Z Updating files:  52% (7169/13785)
2026-09-18T06:36:28.6131675Z Updating files:  53% (7307/13785)
2026-09-18T06:36:28.6416535Z Updating files:  54% (7444/13785)
2026-09-18T06:36:28.6740107Z Updating files:  55% (7582/13785)
2026-09-18T06:36:28.7064935Z Updating files:  56% (7720/13785)
2026-09-18T06:36:28.7424477Z Updating files:  57% (7858/13785)
2026-09-18T06:36:28.7754524Z Updating files:  58% (7996/13785)
2026-09-18T06:36:28.8077607Z Updating files:  59% (8134/13785)
2026-09-18T06:36:28.8371650Z Updating files:  60% (8271/13785)
2026-09-18T06:36:28.8683918Z Updating files:  61% (8409/13785)
2026-09-18T06:36:28.8690753Z Updating files:  62% (8547/13785)
2026-09-18T06:36:28.8994262Z Updating files:  62% (8550/13785)
2026-09-18T06:36:28.9380463Z Updating files:  63% (8685/13785)
2026-09-18T06:36:28.9730758Z Updating files:  64% (8823/13785)
2026-09-18T06:36:29.0048576Z Updating files:  65% (8961/13785)
2026-09-18T06:36:29.0420942Z Updating files:  66% (9099/13785)
2026-09-18T06:36:29.1369610Z Updating files:  67% (9236/13785)
2026-09-18T06:36:29.1683052Z Updating files:  68% (9374/13785)
2026-09-18T06:36:29.2012773Z Updating files:  69% (9512/13785)
2026-09-18T06:36:29.2775085Z Updating files:  70% (9650/13785)
2026-09-18T06:36:29.3109610Z Updating files:  71% (9788/13785)
2026-09-18T06:36:29.3432529Z Updating files:  72% (9926/13785)
2026-09-18T06:36:29.3762966Z Updating files:  73% (10064/13785)
2026-09-18T06:36:29.4042566Z Updating files:  74% (10201/13785)
2026-09-18T06:36:29.4321051Z Updating files:  75% (10339/13785)
2026-09-18T06:36:29.4656716Z Updating files:  76% (10477/13785)
2026-09-18T06:36:29.4943195Z Updating files:  77% (10615/13785)
2026-09-18T06:36:29.5267229Z Updating files:  78% (10753/13785)
2026-09-18T06:36:29.5593590Z Updating files:  79% (10891/13785)
2026-09-18T06:36:29.5883464Z Updating files:  80% (11028/13785)
2026-09-18T06:36:29.6196639Z Updating files:  81% (11166/13785)
2026-09-18T06:36:29.6559242Z Updating files:  82% (11304/13785)
2026-09-18T06:36:29.6844191Z Updating files:  83% (11442/13785)
2026-09-18T06:36:29.7136163Z Updating files:  84% (11580/13785)
2026-09-18T06:36:29.7436996Z Updating files:  85% (11718/13785)
2026-09-18T06:36:29.7728839Z Updating files:  86% (11856/13785)
2026-09-18T06:36:29.8922014Z Updating files:  87% (11993/13785)
2026-09-18T06:36:29.9945285Z Updating files:  87% (12048/13785)
2026-09-18T06:36:30.0271852Z Updating files:  88% (12131/13785)
2026-09-18T06:36:30.0572316Z Updating files:  89% (12269/13785)
2026-09-18T06:36:30.0869950Z Updating files:  90% (12407/13785)
2026-09-18T06:36:30.1163879Z Updating files:  91% (12545/13785)
2026-09-18T06:36:30.1453307Z Updating files:  92% (12683/13785)
2026-09-18T06:36:30.2618398Z Updating files:  93% (12821/13785)
2026-09-18T06:36:30.3239394Z Updating files:  94% (12958/13785)
2026-09-18T06:36:30.4768528Z Updating files:  95% (13096/13785)
2026-09-18T06:36:30.5064670Z Updating files:  96% (13234/13785)
2026-09-18T06:36:30.5368524Z Updating files:  97% (13372/13785)
2026-09-18T06:36:30.5714139Z Updating files:  98% (13510/13785)
2026-09-18T06:36:30.6093249Z Updating files:  99% (13648/13785)
2026-09-18T06:36:30.6093864Z Updating files: 100% (13785/13785)
2026-09-18T06:36:30.6094754Z Updating files: 100% (13785/13785), done.
2026-09-18T06:36:30.6382015Z Note: switching to '54325894cc6e3fc2becfcbc98697a099310d9420'.
2026-09-18T06:36:30.6382367Z 
2026-09-18T06:36:30.6382614Z You are in 'detached HEAD' state. You can look around, make experimental
2026-09-18T06:36:30.6383315Z changes and commit them, and you can discard any commits you make in this
2026-09-18T06:36:30.6384046Z state without impacting any branches by switching back to a branch.
2026-09-18T06:36:30.6384489Z 
2026-09-18T06:36:30.6384769Z If you want to create a new branch to retain commits you create, you may
2026-09-18T06:36:30.6385509Z do so (now or later) by using -c with the switch command. Example:
2026-09-18T06:36:30.6385934Z 
2026-09-18T06:36:30.6386163Z   git switch -c <new-branch-name>
2026-09-18T06:36:30.6386409Z 
2026-09-18T06:36:30.6386564Z Or undo this operation with:
2026-09-18T06:36:30.6386751Z 
2026-09-18T06:36:30.6386885Z   git switch -
2026-09-18T06:36:30.6387017Z 
2026-09-18T06:36:30.6387276Z Turn off this advice by setting config variable advice.detachedHead to false
2026-09-18T06:36:30.6387567Z 
2026-09-18T06:36:30.6388141Z HEAD is now at 5432589 fix(capabilities): 能力目录 href 拼接 id 改用 encodeURIComponent (#1972)
2026-09-18T06:36:30.6786283Z ##[endgroup]
2026-09-18T06:36:30.7158080Z [command]"C:\Program Files\Git\bin\git.exe" log -1 --format=%H
2026-09-18T06:36:30.7448797Z 54325894cc6e3fc2becfcbc98697a099310d9420
2026-09-18T06:36:30.7918889Z ##[group]Run if ($env:XCAGI_BUILD_SHA -notmatch '^[0-9a-fA-F]{40}$') { throw 'Full release SHA required' }
2026-09-18T06:36:30.7920301Z [36;1mif ($env:XCAGI_BUILD_SHA -notmatch '^[0-9a-fA-F]{40}$') { throw 'Full release SHA required' }[0m
2026-09-18T06:36:30.7921438Z [36;1mif ((git rev-parse HEAD).Trim() -ne $env:XCAGI_BUILD_SHA) { throw 'Checkout SHA mismatch' }[0m
2026-09-18T06:36:30.7922675Z [36;1m$names = @('ES_USERNAME', 'ES_PASSWORD', 'CREDENTIAL_ID', 'ES_TOTP_SECRET', 'XCAGI_WINDOWS_PUBLISHER_NAME')[0m
2026-09-18T06:36:30.7923880Z [36;1m$present = @($names | Where-Object { [Environment]::GetEnvironmentVariable($_) })[0m
2026-09-18T06:36:30.8035567Z [36;1mif ($present.Count -ne 0 -and $present.Count -ne $names.Count) {[0m
2026-09-18T06:36:30.8036156Z [36;1m  throw 'Partial signing configuration: complete or remove it; never silently downgrade a configured signer.'[0m
2026-09-18T06:36:30.8036640Z [36;1m}[0m
2026-09-18T06:36:30.8037165Z [36;1m$required = if ($present.Count -eq $names.Count) { '1' } else { '0' }[0m
2026-09-18T06:36:30.8037898Z [36;1m"required=$required" >> $env:GITHUB_OUTPUT[0m
2026-09-18T06:36:30.8038505Z [36;1m"XCAGI_REQUIRE_WINDOWS_SIGNING=$required" >> $env:GITHUB_ENV[0m
2026-09-18T06:36:30.8039141Z [36;1mif ($required -eq '0') { Write-Warning 'Delivering explicitly unsigned installer; stable feeds are untouched.' }[0m
2026-09-18T06:36:30.8679999Z shell: C:\Program Files\PowerShell\7\pwsh.EXE -command ". '{0}'"
2026-09-18T06:36:30.8680336Z env:
2026-09-18T06:36:30.8680601Z   XCAGI_BUILD_SHA: 54325894cc6e3fc2becfcbc98697a099310d9420
2026-09-18T06:36:30.8680915Z   PYTHONUTF8: 1
2026-09-18T06:36:30.8681112Z   PYTHONIOENCODING: utf-8
2026-09-18T06:36:30.8681321Z   ES_USERNAME: 
2026-09-18T06:36:30.8681501Z   ES_PASSWORD: 
2026-09-18T06:36:30.8681751Z   CREDENTIAL_ID: 
2026-09-18T06:36:30.8681953Z   ES_TOTP_SECRET: 
2026-09-18T06:36:30.8682151Z   XCAGI_WINDOWS_PUBLISHER_NAME: 
2026-09-18T06:36:30.8682429Z   XCAGI_WINDOWS_SIGNING_PROVIDER: sslcom
2026-09-18T06:36:30.8682664Z ##[endgroup]
2026-09-18T06:36:31.3976533Z [33;1mWARNING: Delivering explicitly unsigned installer; stable feeds are untouched.[0m
2026-09-18T06:36:31.4850030Z Node 20 is being deprecated. This workflow is running with Node 24 by default. If you need to temporarily use Node 20, you can set the ACTIONS_ALLOW_USE_UNSECURE_NODE_VERSION=true environment variable. For more information see: https://github.blog/changelog/2025-09-19-deprecation-of-node-20-on-github-actions-runners/
2026-09-18T06:36:31.4851778Z ##[group]Run actions/setup-python@v5
2026-09-18T06:36:31.4852028Z with:
2026-09-18T06:36:31.4852209Z   python-version: 3.11
2026-09-18T06:36:31.4852410Z   cache: pip
2026-09-18T06:36:31.4852591Z   check-latest: false
2026-09-18T06:36:31.4854925Z   token: ***
2026-09-18T06:36:31.4855119Z   update-environment: true
2026-09-18T06:36:31.4855348Z   allow-prereleases: false
2026-09-18T06:36:31.4855566Z   freethreaded: false
2026-09-18T06:36:31.4855751Z env:
2026-09-18T06:36:31.4855975Z   XCAGI_BUILD_SHA: 54325894cc6e3fc2becfcbc98697a099310d9420
2026-09-18T06:36:31.4856279Z   PYTHONUTF8: 1
2026-09-18T06:36:31.4856524Z   PYTHONIOENCODING: utf-8
2026-09-18T06:36:31.4856736Z   ES_USERNAME: 
2026-09-18T06:36:31.4856913Z   ES_PASSWORD: 
2026-09-18T06:36:31.4857092Z   CREDENTIAL_ID: 
2026-09-18T06:36:31.4857275Z   ES_TOTP_SECRET: 
2026-09-18T06:36:31.4857467Z   XCAGI_WINDOWS_PUBLISHER_NAME: 
2026-09-18T06:36:31.4857707Z   XCAGI_WINDOWS_SIGNING_PROVIDER: sslcom
2026-09-18T06:36:31.4857977Z   XCAGI_REQUIRE_WINDOWS_SIGNING: 0
2026-09-18T06:36:31.4858207Z ##[endgroup]
2026-09-18T06:36:31.6490865Z ##[group]Installed versions
2026-09-18T06:36:31.6756253Z (node:9632) [DEP0040] DeprecationWarning: The `punycode` module is deprecated. Please use a userland alternative instead.
2026-09-18T06:36:31.6757541Z (Use `node --trace-deprecation ...` to show where the warning was created)
2026-09-18T06:36:31.6758146Z Successfully set up CPython (3.11.9)
2026-09-18T06:36:31.6762815Z ##[endgroup]
2026-09-18T06:36:36.2921019Z pip cache is not found
2026-09-18T06:36:36.3276753Z Node 20 is being deprecated. This workflow is running with Node 24 by default. If you need to temporarily use Node 20, you can set the ACTIONS_ALLOW_USE_UNSECURE_NODE_VERSION=true environment variable. For more information see: https://github.blog/changelog/2025-09-19-deprecation-of-node-20-on-github-actions-runners/
2026-09-18T06:36:36.3278038Z ##[group]Run actions/setup-node@v4
2026-09-18T06:36:36.3278277Z with:
2026-09-18T06:36:36.3278460Z   node-version: 22
2026-09-18T06:36:36.3278641Z   cache: npm
2026-09-18T06:36:36.3278992Z   cache-dependency-path: FHD/frontend/package-lock.json
FHD/desktop/package-lock.json

2026-09-18T06:36:36.3279400Z   always-auth: false
2026-09-18T06:36:36.3279591Z   check-latest: false
2026-09-18T06:36:36.3282388Z   token: ***
2026-09-18T06:36:36.3282566Z env:
2026-09-18T06:36:36.3282796Z   XCAGI_BUILD_SHA: 54325894cc6e3fc2becfcbc98697a099310d9420
2026-09-18T06:36:36.3283089Z   PYTHONUTF8: 1
2026-09-18T06:36:36.3283319Z   PYTHONIOENCODING: utf-8
2026-09-18T06:36:36.3283524Z   ES_USERNAME: 
2026-09-18T06:36:36.3283692Z   ES_PASSWORD: 
2026-09-18T06:36:36.3283864Z   CREDENTIAL_ID: 
2026-09-18T06:36:36.3284038Z   ES_TOTP_SECRET: 
2026-09-18T06:36:36.3284231Z   XCAGI_WINDOWS_PUBLISHER_NAME: 
2026-09-18T06:36:36.3285213Z   XCAGI_WINDOWS_SIGNING_PROVIDER: sslcom
2026-09-18T06:36:36.3285480Z   XCAGI_REQUIRE_WINDOWS_SIGNING: 0
2026-09-18T06:36:36.3285829Z   pythonLocation: C:\hostedtoolcache\windows\Python\3.11.9\x64
2026-09-18T06:36:36.3286258Z   PKG_CONFIG_PATH: C:\hostedtoolcache\windows\Python\3.11.9\x64/lib/pkgconfig
2026-09-18T06:36:36.3286673Z   Python_ROOT_DIR: C:\hostedtoolcache\windows\Python\3.11.9\x64
2026-09-18T06:36:36.3287048Z   Python2_ROOT_DIR: C:\hostedtoolcache\windows\Python\3.11.9\x64
2026-09-18T06:36:36.3287422Z   Python3_ROOT_DIR: C:\hostedtoolcache\windows\Python\3.11.9\x64
2026-09-18T06:36:36.3287718Z ##[endgroup]
2026-09-18T06:36:36.5059051Z Found in cache @ C:\hostedtoolcache\windows\node\22.23.2\x64
2026-09-18T06:36:36.5065923Z (node:8416) [DEP0040] DeprecationWarning: The `punycode` module is deprecated. Please use a userland alternative instead.
2026-09-18T06:36:36.5066550Z (Use `node --trace-deprecation ...` to show where the warning was created)
2026-09-18T06:36:36.5069380Z ##[group]Environment details
2026-09-18T06:36:40.2313168Z node: v22.23.2
2026-09-18T06:36:40.2313526Z npm: 10.9.8
2026-09-18T06:36:40.2313778Z yarn: 1.22.22
2026-09-18T06:36:40.2314212Z ##[endgroup]
2026-09-18T06:36:40.2925986Z [command]C:\Windows\system32\cmd.exe /D /S /C "C:\hostedtoolcache\windows\node\22.23.2\x64\npm.cmd config get cache"
2026-09-18T06:36:40.7758568Z C:\npm\cache
2026-09-18T06:36:41.0336041Z npm cache is not found
2026-09-18T06:36:41.0645103Z Node 20 is being deprecated. This workflow is running with Node 24 by default. If you need to temporarily use Node 20, you can set the ACTIONS_ALLOW_USE_UNSECURE_NODE_VERSION=true environment variable. For more information see: https://github.blog/changelog/2025-09-19-deprecation-of-node-20-on-github-actions-runners/
2026-09-18T06:36:41.0646407Z ##[group]Run actions/setup-dotnet@v4
2026-09-18T06:36:41.0646652Z with:
2026-09-18T06:36:41.0646832Z   dotnet-version: 8.0.x
2026-09-18T06:36:41.0647040Z   cache: false
2026-09-18T06:36:41.0647236Z env:
2026-09-18T06:36:41.0647469Z   XCAGI_BUILD_SHA: 54325894cc6e3fc2becfcbc98697a099310d9420
2026-09-18T06:36:41.0647764Z   PYTHONUTF8: 1
2026-09-18T06:36:41.0647947Z   PYTHONIOENCODING: utf-8
2026-09-18T06:36:41.0648150Z   ES_USERNAME: 
2026-09-18T06:36:41.0648316Z   ES_PASSWORD: 
2026-09-18T06:36:41.0648478Z   CREDENTIAL_ID: 
2026-09-18T06:36:41.0648666Z   ES_TOTP_SECRET: 
2026-09-18T06:36:41.0648900Z   XCAGI_WINDOWS_PUBLISHER_NAME: 
2026-09-18T06:36:41.0649138Z   XCAGI_WINDOWS_SIGNING_PROVIDER: sslcom
2026-09-18T06:36:41.0649385Z   XCAGI_REQUIRE_WINDOWS_SIGNING: 0
2026-09-18T06:36:41.0649683Z   pythonLocation: C:\hostedtoolcache\windows\Python\3.11.9\x64
2026-09-18T06:36:41.0650103Z   PKG_CONFIG_PATH: C:\hostedtoolcache\windows\Python\3.11.9\x64/lib/pkgconfig
2026-09-18T06:36:41.0650515Z   Python_ROOT_DIR: C:\hostedtoolcache\windows\Python\3.11.9\x64
2026-09-18T06:36:41.0650886Z   Python2_ROOT_DIR: C:\hostedtoolcache\windows\Python\3.11.9\x64
2026-09-18T06:36:41.0651257Z   Python3_ROOT_DIR: C:\hostedtoolcache\windows\Python\3.11.9\x64
2026-09-18T06:36:41.0651546Z ##[endgroup]
2026-09-18T06:36:41.2355020Z (node:3544) [DEP0040] DeprecationWarning: The `punycode` module is deprecated. Please use a userland alternative instead.
2026-09-18T06:36:41.2356384Z (Use `node --trace-deprecation ...` to show where the warning was created)
2026-09-18T06:36:41.3196308Z [command]"C:\Program Files\PowerShell\7\pwsh.exe" -NoLogo -Sta -NoProfile -NonInteractive -ExecutionPolicy Unrestricted -Command & 'D:\a\_actions\actions\setup-dotnet\v4\externals\install-dotnet.ps1' -SkipNonVersionedFiles -Runtime dotnet -Channel LTS
2026-09-18T06:36:43.8537523Z dotnet-install: Downloaded file https://builds.dotnet.microsoft.com/dotnet/Runtime/10.0.12/dotnet-runtime-10.0.12-win-x64.zip size is 36960258 bytes.
2026-09-18T06:36:43.8539495Z dotnet-install: Either downloaded or local package size can not be measured. One of them may be corrupted.
2026-09-18T06:36:43.8566235Z dotnet-install: Extracting the archive.
2026-09-18T06:36:44.8854595Z dotnet-install: Note that the script does not ensure your Windows version is supported during the installation.
2026-09-18T06:36:44.8861670Z dotnet-install: To check the list of supported versions, go to https://learn.microsoft.com/dotnet/core/install/windows#supported-versions
2026-09-18T06:36:44.8867061Z dotnet-install: Installed version is 10.0.12
2026-09-18T06:36:44.8873023Z dotnet-install: Installation finished
2026-09-18T06:36:45.0285396Z [command]"C:\Program Files\PowerShell\7\pwsh.exe" -NoLogo -Sta -NoProfile -NonInteractive -ExecutionPolicy Unrestricted -Command & 'D:\a\_actions\actions\setup-dotnet\v4\externals\install-dotnet.ps1' -SkipNonVersionedFiles -Channel 8.0
2026-09-18T06:36:51.6624488Z dotnet-install: Downloaded file https://builds.dotnet.microsoft.com/dotnet/Sdk/8.0.425/dotnet-sdk-8.0.425-win-x64.zip size is 285157731 bytes.
2026-09-18T06:36:51.6632834Z dotnet-install: Either downloaded or local package size can not be measured. One of them may be corrupted.
2026-09-18T06:36:51.6658852Z dotnet-install: Extracting the archive.
2026-09-18T06:37:08.0610780Z dotnet-install: Note that the script does not ensure your Windows version is supported during the installation.
2026-09-18T06:37:08.0616020Z dotnet-install: To check the list of supported versions, go to https://learn.microsoft.com/dotnet/core/install/windows#supported-versions
2026-09-18T06:37:08.0623149Z dotnet-install: Installed version is 8.0.425
2026-09-18T06:37:08.0627086Z dotnet-install: Installation finished
2026-09-18T06:37:08.1382593Z ##[group]Run scripts/package/test-windows-signature-policy.ps1
2026-09-18T06:37:08.1383118Z [36;1mscripts/package/test-windows-signature-policy.ps1[0m
2026-09-18T06:37:08.1383708Z [36;1mscripts/package/build-installer.ps1 -Version $env:DELIVERY_VERSION -ProductSku enterprise -SkipUiInstaller[0m
2026-09-18T06:37:08.1455565Z shell: C:\Program Files\PowerShell\7\pwsh.EXE -command ". '{0}'"
2026-09-18T06:37:08.1455902Z env:
2026-09-18T06:37:08.1456171Z   XCAGI_BUILD_SHA: 54325894cc6e3fc2becfcbc98697a099310d9420
2026-09-18T06:37:08.1456475Z   PYTHONUTF8: 1
2026-09-18T06:37:08.1456679Z   PYTHONIOENCODING: utf-8
2026-09-18T06:37:08.1456893Z   ES_USERNAME: 
2026-09-18T06:37:08.1457073Z   ES_PASSWORD: 
2026-09-18T06:37:08.1457252Z   CREDENTIAL_ID: 
2026-09-18T06:37:08.1457442Z   ES_TOTP_SECRET: 
2026-09-18T06:37:08.1457640Z   XCAGI_WINDOWS_PUBLISHER_NAME: 
2026-09-18T06:37:08.1457907Z   XCAGI_WINDOWS_SIGNING_PROVIDER: sslcom
2026-09-18T06:37:08.1458202Z   XCAGI_REQUIRE_WINDOWS_SIGNING: 0
2026-09-18T06:37:08.1458539Z   pythonLocation: C:\hostedtoolcache\windows\Python\3.11.9\x64
2026-09-18T06:37:08.1458966Z   PKG_CONFIG_PATH: C:\hostedtoolcache\windows\Python\3.11.9\x64/lib/pkgconfig
2026-09-18T06:37:08.1459399Z   Python_ROOT_DIR: C:\hostedtoolcache\windows\Python\3.11.9\x64
2026-09-18T06:37:08.1459788Z   Python2_ROOT_DIR: C:\hostedtoolcache\windows\Python\3.11.9\x64
2026-09-18T06:37:08.1460170Z   Python3_ROOT_DIR: C:\hostedtoolcache\windows\Python\3.11.9\x64
2026-09-18T06:37:08.1460511Z   DOTNET_ROOT: C:\Program Files\dotnet
2026-09-18T06:37:08.1460763Z   DELIVERY_VERSION: 1.0.0.5
2026-09-18T06:37:08.1460976Z ##[endgroup]
2026-09-18T06:37:08.5633622Z Authenticode path: C:\Users\runneradmin\AppData\Local\Temp\tmp1hyuus.tmp
2026-09-18T06:37:08.5656379Z Authenticode status: NotSigned
2026-09-18T06:37:08.5670488Z Authenticode message: policy test fixture
2026-09-18T06:37:08.6052239Z Authenticode path: C:\Users\runneradmin\AppData\Local\Temp\tmp1hyuus.tmp
2026-09-18T06:37:08.6057369Z Authenticode status: NotSigned
2026-09-18T06:37:08.6063584Z Authenticode message: policy test fixture
2026-09-18T06:37:08.6084479Z [33;1mWARNING: UNSIGNED: manual installer delivery only; not eligible for stable automatic updates.[0m
2026-09-18T06:37:08.6145077Z Authenticode path: C:\Users\runneradmin\AppData\Local\Temp\tmp1hyuus.tmp
2026-09-18T06:37:08.6150524Z Authenticode status: HashMismatch
2026-09-18T06:37:08.6157002Z Authenticode message: policy test fixture
2026-09-18T06:37:08.6222949Z Authenticode path: C:\Users\runneradmin\AppData\Local\Temp\tmp1hyuus.tmp
2026-09-18T06:37:08.6228265Z Authenticode status: NotTrusted
2026-09-18T06:37:08.6235073Z Authenticode message: policy test fixture
2026-09-18T06:37:08.6296381Z Authenticode path: C:\Users\runneradmin\AppData\Local\Temp\tmp1hyuus.tmp
2026-09-18T06:37:08.6301336Z Authenticode status: UnknownError
2026-09-18T06:37:08.6307990Z Authenticode message: policy test fixture
2026-09-18T06:37:08.6371324Z Authenticode path: C:\Users\runneradmin\AppData\Local\Temp\tmp1hyuus.tmp
2026-09-18T06:37:08.6377289Z Authenticode status: NotSupportedFileFormat
2026-09-18T06:37:08.6383367Z Authenticode message: policy test fixture
2026-09-18T06:37:08.6444225Z Authenticode path: C:\Users\runneradmin\AppData\Local\Temp\tmp1hyuus.tmp
2026-09-18T06:37:08.6450035Z Authenticode status: Incompatible
2026-09-18T06:37:08.6455767Z Authenticode message: policy test fixture
2026-09-18T06:37:08.6515475Z Authenticode path: C:\Users\runneradmin\AppData\Local\Temp\tmp1hyuus.tmp
2026-09-18T06:37:08.6521762Z Authenticode status: Valid
2026-09-18T06:37:08.6527524Z Authenticode message: policy test fixture
2026-09-18T06:37:08.6576804Z OK: Authenticode Status=Valid
2026-09-18T06:37:08.6585324Z Signer: CN=Expected Publisher
2026-09-18T06:37:08.6594667Z Signer thumbprint: fixture
2026-09-18T06:37:08.6601241Z Timestamp signer: CN=Timestamp
2026-09-18T06:37:08.6667809Z Authenticode path: C:\Users\runneradmin\AppData\Local\Temp\tmp1hyuus.tmp
2026-09-18T06:37:08.6676736Z Authenticode status: Valid
2026-09-18T06:37:08.6680151Z Authenticode message: policy test fixture
2026-09-18T06:37:08.6686270Z OK: Authenticode Status=Valid
2026-09-18T06:37:08.6693778Z Signer: CN=Expected Publisher
2026-09-18T06:37:08.6699746Z Signer thumbprint: fixture
2026-09-18T06:37:08.6706195Z Timestamp signer: CN=Timestamp
2026-09-18T06:37:08.6767641Z Authenticode path: C:\Users\runneradmin\AppData\Local\Temp\tmp1hyuus.tmp
2026-09-18T06:37:08.6773946Z Authenticode status: Valid
2026-09-18T06:37:08.6780166Z Authenticode message: policy test fixture
2026-09-18T06:37:08.6790456Z PASS: signature policy (10 cases); unsigned is not invalid-signed.
2026-09-18T06:37:08.8596019Z Staged: xcagi-planner-bridge
2026-09-18T06:37:08.9449940Z Staged: xcagi-erp-domain-bridge
2026-09-18T06:37:08.9526948Z Staged: xcagi-workflow-visualization-bridge
2026-09-18T06:37:08.9647086Z Staged: xcagi-core-workflow-employees
2026-09-18T06:37:08.9875443Z Staged: xcagi-approval-bridge
2026-09-18T06:37:08.9948291Z Staged: xcagi-lan-license-bridge
2026-09-18T06:37:09.0102377Z Staged: xcagi-model-payment-bridge
2026-09-18T06:37:09.0184952Z Staged: xcagi-neuro-bus-bridge
2026-09-18T06:37:09.0272157Z Staged: xcagi-office-employee-pack-bridge
2026-09-18T06:37:09.0499527Z Staged: xcagi-customer-service-bridge
2026-09-18T06:37:09.0544205Z Staged: xcagi-planner-excel-tools
2026-09-18T06:37:09.0600525Z Staged: lan-gate-ai-employee
2026-09-18T06:37:09.0795214Z Staged: attendance-industry
2026-09-18T06:37:09.1044244Z Staged Office employee: excel-generate-employee
2026-09-18T06:37:09.1182238Z Staged Office employee: excel-full-read-employee
2026-09-18T06:37:09.1329018Z Staged Office employee: csv-generate-employee
2026-09-18T06:37:09.1467265Z Staged Office employee: csv-full-read-employee
2026-09-18T06:37:09.1604388Z Staged Office employee: pdf-generate-employee
2026-09-18T06:37:09.1744141Z Staged Office employee: pdf-full-read-employee
2026-09-18T06:37:09.1892379Z Staged Office employee: ppt-generate-employee
2026-09-18T06:37:09.2039285Z Staged Office employee: ppt-full-read-employee
2026-09-18T06:37:09.2239653Z Staged Office employee: word-generate-employee
2026-09-18T06:37:09.2396408Z Staged Office employee: word-full-read-employee
2026-09-18T06:37:09.2491262Z Staged 13 mod(s) for SKU enterprise -> D:\a\XCMAX\XCMAX\FHD\build\staged-mods-enterprise
2026-09-18T06:37:09.4100266Z Staged industry seed: xcagi-planner-bridge
2026-09-18T06:37:09.4153668Z Staged industry seed: accessories-packaging-industry
2026-09-18T06:37:09.4336489Z Staged industry seed: attendance-industry
2026-09-18T06:37:09.4409575Z Staged industry seed: coating-industry
2026-09-18T06:37:09.5047319Z Staged industry seed: xcagi-erp-domain-bridge
2026-09-18T06:37:09.5285398Z Staged industry seed: xcagi-customer-service-bridge
2026-09-18T06:37:09.5310103Z Staged 6 industry seed mod(s) for SKU enterprise -> D:\a\XCMAX\XCMAX\FHD\build\staged-industry-seeds-enterprise
2026-09-18T06:37:14.8299049Z npm warn deprecated whatwg-encoding@3.1.1: Use @exodus/bytes instead for a more spec-conformant and faster implementation
2026-09-18T06:37:16.9838887Z npm warn deprecated vue-i18n@9.14.5: v9 and v10 no longer supported. please migrate to v11. about maintenance status, see https://vue-i18n.intlify.dev/guide/maintenance.html
2026-09-18T06:37:18.0257429Z npm warn deprecated glob@10.5.0: Old versions of glob are not supported, and contain widely publicized security vulnerabilities, which have been fixed in the current version. Please update. Support for old versions may be purchased (at exorbitant rates) by contacting i@izs.me
2026-09-18T06:37:22.4399402Z npm warn deprecated boolean@3.2.0: Package no longer supported. Contact Support at https://www.npmjs.com/support for more info.
2026-09-18T06:37:37.3429930Z 
2026-09-18T06:37:37.3430454Z added 669 packages, and audited 670 packages in 28s
2026-09-18T06:37:37.3431253Z 
2026-09-18T06:37:37.3432352Z 139 packages are looking for funding
2026-09-18T06:37:37.3432744Z   run `npm fund` for details
2026-09-18T06:37:37.3497203Z 
2026-09-18T06:37:37.3497921Z 4 vulnerabilities (1 low, 3 moderate)
2026-09-18T06:37:37.3498586Z 
2026-09-18T06:37:37.3498967Z To address issues that do not require attention, run:
2026-09-18T06:37:37.3499495Z   npm audit fix
2026-09-18T06:37:37.3499687Z 
2026-09-18T06:37:37.3500058Z To address all issues (including breaking changes), run:
2026-09-18T06:37:37.3500623Z   npm audit fix --force
2026-09-18T06:37:37.3500873Z 
2026-09-18T06:37:37.3501102Z Run `npm audit` for details.
2026-09-18T06:37:38.5658914Z 
2026-09-18T06:37:38.5659369Z > xcagi-frontend@1.0.0 build:full
2026-09-18T06:37:38.5659691Z > vite build
2026-09-18T06:37:38.5659813Z 
2026-09-18T06:37:39.5348024Z [36mvite v6.4.3 [32mbuilding for production...[36m[39m
2026-09-18T06:37:39.8794998Z transforming...
2026-09-18T06:38:13.7186010Z [32m✓[39m 4916 modules transformed.
2026-09-18T06:38:15.1044351Z rendering chunks...
2026-09-18T06:38:17.5614115Z computing gzip size...
2026-09-18T06:38:19.2732236Z [2m../templates/vue-dist/[22m[32mindex.html                                                                             [39m[1m[2m     2.14 kB[22m[1m[22m[2m │ gzip:     1.18 kB[22m
2026-09-18T06:38:19.2733465Z [2m../templates/vue-dist/[22m[32massets/datasetParser.worker-lcRNZg0W.js                                                [39m[1m[2m     3.66 kB[22m[1m[22m
2026-09-18T06:38:19.2734990Z [2m../templates/vue-dist/[22m[32massets/fonts/fontawesome-webfont-B-jkhYfk.woff2                                        [39m[1m[2m    77.16 kB[22m[1m[22m
2026-09-18T06:38:19.2736140Z [2m../templates/vue-dist/[22m[32massets/fonts/fontawesome-webfont-CDK5bt4p.woff                                         [39m[1m[2m    98.02 kB[22m[1m[22m
2026-09-18T06:38:19.2737545Z [2m../templates/vue-dist/[22m[32massets/fonts/fontawesome-webfont-CQDK8MU3.ttf                                          [39m[1m[2m   165.55 kB[22m[1m[22m
2026-09-18T06:38:19.2739539Z [2m../templates/vue-dist/[22m[32massets/fonts/fontawesome-webfont-G5YE5S7X.eot                                          [39m[1m[2m   165.74 kB[22m[1m[22m
2026-09-18T06:38:19.2741391Z [2m../templates/vue-dist/[22m[32massets/fontawesome-webfont-D13rzr4g.svg                                                [39m[1m[2m   444.38 kB[22m[1m[22m[2m │ gzip:   134.19 kB[22m
2026-09-18T06:38:19.2742508Z [2m../templates/vue-dist/[22m[32massets/xlsx-w3wbObMl.js                                                                [39m[1m[2m   500.79 kB[22m[1m[22m
2026-09-18T06:38:19.2745014Z [2m../templates/vue-dist/[22m[32massets/ort-wasm-simd-threaded.jsep-B0T3yYHD.wasm                                       [39m[1m[2m21,596.02 kB[22m[1m[22m[2m │ gzip: 5,087.10 kB[22m
2026-09-18T06:38:19.2746250Z [2m../templates/vue-dist/[22m[35massets/css/OtherToolsView-CjvcN0VL.css                                                 [39m[1m[2m     0.07 kB[22m[1m[22m[2m │ gzip:     0.09 kB[22m
2026-09-18T06:38:19.2747474Z [2m../templates/vue-dist/[22m[35massets/css/HostModBridgeView-6B-o4pH-.css                                              [39m[1m[2m     0.08 kB[22m[1m[22m[2m │ gzip:     0.09 kB[22m
2026-09-18T06:38:19.2748688Z [2m../templates/vue-dist/[22m[35massets/css/ProductsView-DY9LyPNt.css                                                   [39m[1m[2m     0.13 kB[22m[1m[22m[2m │ gzip:     0.13 kB[22m
2026-09-18T06:38:19.2750133Z [2m../templates/vue-dist/[22m[35massets/css/ProductsView-DxIeNajF.css                                                   [39m[1m[2m     0.13 kB[22m[1m[22m[2m │ gzip:     0.13 kB[22m
2026-09-18T06:38:19.2751625Z [2m../templates/vue-dist/[22m[35massets/css/RuntimeModView-D1C5jSpq.css                                                 [39m[1m[2m     0.13 kB[22m[1m[22m[2m │ gzip:     0.12 kB[22m
2026-09-18T06:38:19.2753185Z [2m../templates/vue-dist/[22m[35massets/css/HomeView-Cm1QMIz8.css                                                       [39m[1m[2m     0.15 kB[22m[1m[22m[2m │ gzip:     0.13 kB[22m
2026-09-18T06:38:19.2755151Z [2m../templates/vue-dist/[22m[35massets/css/LanGateView-CfQBi0Qj.css                                                    [39m[1m[2m     0.17 kB[22m[1m[22m[2m │ gzip:     0.16 kB[22m
2026-09-18T06:38:19.2757271Z [2m../templates/vue-dist/[22m[35massets/css/LabelPreview-DzLWy_Va.css                                                   [39m[1m[2m     0.23 kB[22m[1m[22m[2m │ gzip:     0.19 kB[22m
2026-09-18T06:38:19.2759194Z [2m../templates/vue-dist/[22m[35massets/css/ChatView-084VF358.css                                                       [39m[1m[2m     0.23 kB[22m[1m[22m[2m │ gzip:     0.18 kB[22m
2026-09-18T06:38:19.2760375Z [2m../templates/vue-dist/[22m[35massets/css/OrdersView-DrVSWuu2.css                                                     [39m[1m[2m     0.26 kB[22m[1m[22m[2m │ gzip:     0.20 kB[22m
2026-09-18T06:38:19.2761581Z [2m../templates/vue-dist/[22m[35massets/css/TencentDocEmbedView-Ci9fmicd.css                                            [39m[1m[2m     0.30 kB[22m[1m[22m[2m │ gzip:     0.22 kB[22m
2026-09-18T06:38:19.2762789Z [2m../templates/vue-dist/[22m[35massets/css/InventoryView-B-4W4Y02.css                                                  [39m[1m[2m     0.45 kB[22m[1m[22m[2m │ gzip:     0.28 kB[22m
2026-09-18T06:38:19.2763978Z [2m../templates/vue-dist/[22m[35massets/css/PrintView-DDLsiphN.css                                                      [39m[1m[2m     0.46 kB[22m[1m[22m[2m │ gzip:     0.23 kB[22m
2026-09-18T06:38:19.2765166Z [2m../templates/vue-dist/[22m[35massets/css/BusinessDockingView-dXwE1Nsi.css                                            [39m[1m[2m     0.49 kB[22m[1m[22m[2m │ gzip:     0.24 kB[22m
2026-09-18T06:38:19.2766392Z [2m../templates/vue-dist/[22m[35massets/css/ModStoreLauncherIcon-DEPg7yZr.css                                           [39m[1m[2m     0.49 kB[22m[1m[22m[2m │ gzip:     0.18 kB[22m
2026-09-18T06:38:19.2767616Z [2m../templates/vue-dist/[22m[35massets/css/InternalCustomerServiceView-DLf5TwIC.css                                    [39m[1m[2m     0.51 kB[22m[1m[22m[2m │ gzip:     0.30 kB[22m
2026-09-18T06:38:19.2768859Z [2m../templates/vue-dist/[22m[35massets/css/DesktopRuntimeView-B31nLuER.css                                             [39m[1m[2m     0.59 kB[22m[1m[22m[2m │ gzip:     0.30 kB[22m
2026-09-18T06:38:19.2770299Z [2m../templates/vue-dist/[22m[35massets/css/MeetingRoomView-UC3JsITU.css                                                [39m[1m[2m     0.60 kB[22m[1m[22m[2m │ gzip:     0.28 kB[22m
2026-09-18T06:38:19.2771523Z [2m../templates/vue-dist/[22m[35massets/css/PrivateModDeliveryView-BloOFinD.css                                         [39m[1m[2m     0.73 kB[22m[1m[22m[2m │ gzip:     0.38 kB[22m
2026-09-18T06:38:19.2772765Z [2m../templates/vue-dist/[22m[35massets/css/ApprovalHubView-B87Uojqw.css                                                [39m[1m[2m     0.76 kB[22m[1m[22m[2m │ gzip:     0.37 kB[22m
2026-09-18T06:38:19.2773944Z [2m../templates/vue-dist/[22m[35massets/css/PurchaseView-9ziS-KJd.css                                                   [39m[1m[2m     0.76 kB[22m[1m[22m[2m │ gzip:     0.33 kB[22m
2026-09-18T06:38:19.2775098Z [2m../templates/vue-dist/[22m[35massets/css/ToolsView-Cluibrzj.css                                                      [39m[1m[2m     0.82 kB[22m[1m[22m[2m │ gzip:     0.36 kB[22m
2026-09-18T06:38:19.2776301Z [2m../templates/vue-dist/[22m[35massets/css/WorkflowVisualizationView-Bjj1x1iy.css                                      [39m[1m[2m     0.83 kB[22m[1m[22m[2m │ gzip:     0.40 kB[22m
2026-09-18T06:38:19.2777522Z [2m../templates/vue-dist/[22m[35massets/css/MaterialsView-6_Plx2nd.css                                                  [39m[1m[2m     0.89 kB[22m[1m[22m[2m │ gzip:     0.38 kB[22m
2026-09-18T06:38:19.2779189Z [2m../templates/vue-dist/[22m[35massets/css/ShipmentRecordsView-JQgCDYzT.css                                            [39m[1m[2m     1.09 kB[22m[1m[22m[2m │ gzip:     0.46 kB[22m
2026-09-18T06:38:19.2780437Z [2m../templates/vue-dist/[22m[35massets/css/ProjectFactoryView-NpUJGEy5.css                                             [39m[1m[2m     1.29 kB[22m[1m[22m[2m │ gzip:     0.49 kB[22m
2026-09-18T06:38:19.2781644Z [2m../templates/vue-dist/[22m[35massets/css/CdInputCard-Ds9pRAnp.css                                                    [39m[1m[2m     1.29 kB[22m[1m[22m[2m │ gzip:     0.52 kB[22m
2026-09-18T06:38:19.2812521Z [2m../templates/vue-dist/[22m[35massets/css/CdTestPackCard-CP8AgtpN.css                                                 [39m[1m[2m     1.29 kB[22m[1m[22m[2m │ gzip:     0.52 kB[22m
2026-09-18T06:38:19.2815001Z [2m../templates/vue-dist/[22m[35massets/css/CdResultCards-DFN2sjya.css                                                  [39m[1m[2m     1.29 kB[22m[1m[22m[2m │ gzip:     0.52 kB[22m
2026-09-18T06:38:19.2817377Z [2m../templates/vue-dist/[22m[35massets/css/CdCompareCard-B_6Y84We.css                                                  [39m[1m[2m     1.29 kB[22m[1m[22m[2m │ gzip:     0.52 kB[22m
2026-09-18T06:38:19.2819999Z [2m../templates/vue-dist/[22m[35massets/css/ChatDebugView-BqxNBT6v.css                                                  [39m[1m[2m     1.29 kB[22m[1m[22m[2m │ gzip:     0.52 kB[22m
2026-09-18T06:38:19.2822418Z [2m../templates/vue-dist/[22m[35massets/css/SaasPricingView-DjAmMkjG.css                                                [39m[1m[2m     1.51 kB[22m[1m[22m[2m │ gzip:     0.59 kB[22m
2026-09-18T06:38:19.2824501Z [2m../templates/vue-dist/[22m[35massets/css/LoginHelpView-jBQ_Mx9-.css                                                  [39m[1m[2m     1.53 kB[22m[1m[22m[2m │ gzip:     0.58 kB[22m
2026-09-18T06:38:19.2826559Z [2m../templates/vue-dist/[22m[35massets/css/DiscoverView-VKTdrrV4.css                                                   [39m[1m[2m     1.55 kB[22m[1m[22m[2m │ gzip:     0.55 kB[22m
2026-09-18T06:38:19.2828465Z [2m../templates/vue-dist/[22m[35massets/css/PretextTestView-BjCEqBi7.css                                                [39m[1m[2m     1.66 kB[22m[1m[22m[2m │ gzip:     0.62 kB[22m
2026-09-18T06:38:19.2829805Z [2m../templates/vue-dist/[22m[35massets/css/ModLandingView-BEM7S7cc.css                                                 [39m[1m[2m     1.76 kB[22m[1m[22m[2m │ gzip:     0.73 kB[22m
2026-09-18T06:38:19.2831251Z [2m../templates/vue-dist/[22m[35massets/css/CustomersView-b0g-JP8O.css                                                  [39m[1m[2m     1.81 kB[22m[1m[22m[2m │ gzip:     0.64 kB[22m
2026-09-18T06:38:19.2832459Z [2m../templates/vue-dist/[22m[35massets/css/ForgotAccountView-ChziGqM5.css                                              [39m[1m[2m     1.95 kB[22m[1m[22m[2m │ gzip:     0.73 kB[22m
2026-09-18T06:38:19.2833694Z [2m../templates/vue-dist/[22m[35massets/css/ForgotPasswordView-CCa3W3BW.css                                             [39m[1m[2m     2.03 kB[22m[1m[22m[2m │ gzip:     0.73 kB[22m
2026-09-18T06:38:19.2834910Z [2m../templates/vue-dist/[22m[35massets/css/MessengerContactPicker-DPuZPi9F.css                                         [39m[1m[2m     2.35 kB[22m[1m[22m[2m │ gzip:     0.76 kB[22m
2026-09-18T06:38:19.2836165Z [2m../templates/vue-dist/[22m[35massets/css/AdminBusinessCustomersView-DeUJS20Q.css                                     [39m[1m[2m     2.69 kB[22m[1m[22m[2m │ gzip:     0.74 kB[22m
2026-09-18T06:38:19.2837394Z [2m../templates/vue-dist/[22m[35massets/css/AIEcosystemView-DBMUiZhY.css                                                [39m[1m[2m     2.90 kB[22m[1m[22m[2m │ gzip:     0.88 kB[22m
2026-09-18T06:38:19.2839833Z [2m../templates/vue-dist/[22m[35massets/css/AIEcosystemView-BpXaDeuu.css                                                [39m[1m[2m     2.90 kB[22m[1m[22m[2m │ gzip:     0.88 kB[22m
2026-09-18T06:38:19.2841112Z [2m../templates/vue-dist/[22m[35massets/css/ConfirmDialog-yfZM0gCq.css                                                  [39m[1m[2m     2.96 kB[22m[1m[22m[2m │ gzip:     1.02 kB[22m
2026-09-18T06:38:19.2842513Z [2m../templates/vue-dist/[22m[35massets/css/RegisterView-CMrp4-JQ.css                                                   [39m[1m[2m     3.20 kB[22m[1m[22m[2m │ gzip:     1.00 kB[22m
2026-09-18T06:38:19.2844112Z [2m../templates/vue-dist/[22m[35massets/css/useChatOfficeDocking-Cafl_Yoc.css                                           [39m[1m[2m     3.26 kB[22m[1m[22m[2m │ gzip:     0.73 kB[22m
2026-09-18T06:38:19.2845324Z [2m../templates/vue-dist/[22m[35massets/css/ConversationChat-CsyC91kd.css                                               [39m[1m[2m     3.45 kB[22m[1m[22m[2m │ gzip:     0.98 kB[22m
2026-09-18T06:38:19.2846549Z [2m../templates/vue-dist/[22m[35massets/css/DataSourcesView-Co-WJ7za.css                                                [39m[1m[2m     3.58 kB[22m[1m[22m[2m │ gzip:     1.07 kB[22m
2026-09-18T06:38:19.2847720Z [2m../templates/vue-dist/[22m[35massets/css/HomeView-_R7lJkdg.css                                                       [39m[1m[2m     3.65 kB[22m[1m[22m[2m │ gzip:     1.07 kB[22m
2026-09-18T06:38:19.2848881Z [2m../templates/vue-dist/[22m[35massets/css/CreateOrderView-u-YwUGZH.css                                                [39m[1m[2m     3.69 kB[22m[1m[22m[2m │ gzip:     1.05 kB[22m
2026-09-18T06:38:19.2850140Z [2m../templates/vue-dist/[22m[35massets/css/EnterpriseCustomerServiceView-DlhHzUkS.css                                  [39m[1m[2m     3.83 kB[22m[1m[22m[2m │ gzip:     1.13 kB[22m
2026-09-18T06:38:19.2851376Z [2m../templates/vue-dist/[22m[35massets/css/RlRulesPanel-BLo1wxay.css                                                   [39m[1m[2m     4.21 kB[22m[1m[22m[2m │ gzip:     1.11 kB[22m
2026-09-18T06:38:19.2852574Z [2m../templates/vue-dist/[22m[35massets/css/RlPendingApprovals-COUEvfzh.css                                             [39m[1m[2m     4.21 kB[22m[1m[22m[2m │ gzip:     1.11 kB[22m
2026-09-18T06:38:19.2853764Z [2m../templates/vue-dist/[22m[35massets/css/RlEditModal-BELhEuP2.css                                                    [39m[1m[2m     4.21 kB[22m[1m[22m[2m │ gzip:     1.11 kB[22m
2026-09-18T06:38:19.2855459Z [2m../templates/vue-dist/[22m[35massets/css/ApprovalRulesView-BtqXSZnN.css                                              [39m[1m[2m     4.21 kB[22m[1m[22m[2m │ gzip:     1.11 kB[22m
2026-09-18T06:38:19.2856633Z [2m../templates/vue-dist/[22m[35massets/css/ModDetails-W63Mfu8i.css                                                     [39m[1m[2m     4.27 kB[22m[1m[22m[2m │ gzip:     1.13 kB[22m
2026-09-18T06:38:19.2857857Z [2m../templates/vue-dist/[22m[35massets/css/FmFlowList-clcw2468.css                                                     [39m[1m[2m     4.99 kB[22m[1m[22m[2m │ gzip:     1.20 kB[22m
2026-09-18T06:38:19.2859061Z [2m../templates/vue-dist/[22m[35massets/css/FmFlowModal-DLwMqECT.css                                                    [39m[1m[2m     4.99 kB[22m[1m[22m[2m │ gzip:     1.20 kB[22m
2026-09-18T06:38:19.2860284Z [2m../templates/vue-dist/[22m[35massets/css/ApprovalFlowManagementView-D2cGs7h1.css                                     [39m[1m[2m     4.99 kB[22m[1m[22m[2m │ gzip:     1.20 kB[22m
2026-09-18T06:38:19.2861555Z [2m../templates/vue-dist/[22m[35massets/css/WorkflowVisualizationView-CgSob2Sk.css                                      [39m[1m[2m     5.07 kB[22m[1m[22m[2m │ gzip:     1.40 kB[22m
2026-09-18T06:38:19.2862818Z [2m../templates/vue-dist/[22m[35massets/css/WorkflowEmployeeInspector-CVj7N5CD.css                                      [39m[1m[2m     5.35 kB[22m[1m[22m[2m │ gzip:     1.31 kB[22m
2026-09-18T06:38:19.2864198Z [2m../templates/vue-dist/[22m[35massets/css/DutyRosterWorkflowLoopView-DWAmw9a0.css                                     [39m[1m[2m     5.51 kB[22m[1m[22m[2m │ gzip:     1.22 kB[22m
2026-09-18T06:38:19.2865565Z [2m../templates/vue-dist/[22m[35massets/css/ConversationSidebar-DIVpUq0z.css                                            [39m[1m[2m     5.70 kB[22m[1m[22m[2m │ gzip:     1.42 kB[22m
2026-09-18T06:38:19.2866875Z [2m../templates/vue-dist/[22m[35massets/css/KittenFinanceView-BsRW9Kaq.css                                              [39m[1m[2m     5.98 kB[22m[1m[22m[2m │ gzip:     1.60 kB[22m
2026-09-18T06:38:19.2868099Z [2m../templates/vue-dist/[22m[35massets/css/AiGroupChatView-D6a0VBel.css                                                [39m[1m[2m     6.15 kB[22m[1m[22m[2m │ gzip:     1.40 kB[22m
2026-09-18T06:38:19.2869289Z [2m../templates/vue-dist/[22m[35massets/css/LeFieldsPanel-4DLxJSoN.css                                                  [39m[1m[2m     6.63 kB[22m[1m[22m[2m │ gzip:     1.64 kB[22m
2026-09-18T06:38:19.2871558Z [2m../templates/vue-dist/[22m[35massets/css/LabelEditorView-CjibZLE2.css                                                [39m[1m[2m     6.63 kB[22m[1m[22m[2m │ gzip:     1.64 kB[22m
2026-09-18T06:38:19.2873096Z [2m../templates/vue-dist/[22m[35massets/css/ChatView-DRik4egI.css                                                       [39m[1m[2m     6.64 kB[22m[1m[22m[2m │ gzip:     1.65 kB[22m
2026-09-18T06:38:19.2874299Z [2m../templates/vue-dist/[22m[35massets/css/SystemEmployeeChat-BrFaj7t9.css                                             [39m[1m[2m     6.67 kB[22m[1m[22m[2m │ gzip:     1.71 kB[22m
2026-09-18T06:38:19.2875877Z [2m../templates/vue-dist/[22m[35massets/css/TpTemplateCard-CFZbkJn5.css                                                 [39m[1m[2m     6.78 kB[22m[1m[22m[2m │ gzip:     1.78 kB[22m
2026-09-18T06:38:19.2877069Z [2m../templates/vue-dist/[22m[35massets/css/TpPreviewModal-D_bNJ7Bp.css                                                 [39m[1m[2m     6.78 kB[22m[1m[22m[2m │ gzip:     1.78 kB[22m
2026-09-18T06:38:19.2878255Z [2m../templates/vue-dist/[22m[35massets/css/TpEditModal-BhsRosDH.css                                                    [39m[1m[2m     6.78 kB[22m[1m[22m[2m │ gzip:     1.78 kB[22m
2026-09-18T06:38:19.2879437Z [2m../templates/vue-dist/[22m[35massets/css/TpReplaceModal-Dzl4VKA2.css                                                 [39m[1m[2m     6.78 kB[22m[1m[22m[2m │ gzip:     1.78 kB[22m
2026-09-18T06:38:19.2880827Z [2m../templates/vue-dist/[22m[35massets/css/TpGridToolModal-DOXu5T-K.css                                                [39m[1m[2m     6.78 kB[22m[1m[22m[2m │ gzip:     1.78 kB[22m
2026-09-18T06:38:19.2882033Z [2m../templates/vue-dist/[22m[35massets/css/TemplatePreviewView-CWg1YrCv.css                                            [39m[1m[2m     6.78 kB[22m[1m[22m[2m │ gzip:     1.78 kB[22m
2026-09-18T06:38:19.2883207Z [2m../templates/vue-dist/[22m[35massets/css/ModStore-BDE6Qh2c.css                                                       [39m[1m[2m     7.73 kB[22m[1m[22m[2m │ gzip:     2.10 kB[22m
2026-09-18T06:38:19.2884509Z [2m../templates/vue-dist/[22m[35massets/css/ProductOnboardingView-CpRr_mBZ.css                                          [39m[1m[2m     7.88 kB[22m[1m[22m[2m │ gzip:     2.19 kB[22m
2026-09-18T06:38:19.2885810Z [2m../templates/vue-dist/[22m[35massets/css/AwStatsCards-CGXuTvtu.css                                                   [39m[1m[2m     8.93 kB[22m[1m[22m[2m │ gzip:     1.83 kB[22m
2026-09-18T06:38:19.2886990Z [2m../templates/vue-dist/[22m[35massets/css/AwPendingList-m9JM7bl-.css                                                  [39m[1m[2m     8.93 kB[22m[1m[22m[2m │ gzip:     1.83 kB[22m
2026-09-18T06:38:19.2888266Z [2m../templates/vue-dist/[22m[35massets/css/AwInitiatedList-CQrA7Lc8.css                                                [39m[1m[2m     8.93 kB[22m[1m[22m[2m │ gzip:     1.83 kB[22m
2026-09-18T06:38:19.2889436Z [2m../templates/vue-dist/[22m[35massets/css/AwDetailModal-IXmInbGl.css                                                  [39m[1m[2m     8.93 kB[22m[1m[22m[2m │ gzip:     1.83 kB[22m
2026-09-18T06:38:19.2890672Z [2m../templates/vue-dist/[22m[35massets/css/ApprovalWorkspaceView-Drfm9IZm.css                                          [39m[1m[2m     8.93 kB[22m[1m[22m[2m │ gzip:     1.83 kB[22m
2026-09-18T06:38:19.2891951Z [2m../templates/vue-dist/[22m[35massets/css/BaPreviewModal-lD-ykEW1.css                                                 [39m[1m[2m    11.12 kB[22m[1m[22m[2m │ gzip:     2.37 kB[22m
2026-09-18T06:38:19.2893125Z [2m../templates/vue-dist/[22m[35massets/css/BaMoveModal-HDwLWL7j.css                                                    [39m[1m[2m    11.12 kB[22m[1m[22m[2m │ gzip:     2.37 kB[22m
2026-09-18T06:38:19.2894391Z [2m../templates/vue-dist/[22m[35massets/css/BaGroupCard-DF40AzaO.css                                                    [39m[1m[2m    11.12 kB[22m[1m[22m[2m │ gzip:     2.37 kB[22m
2026-09-18T06:38:19.2896766Z [2m../templates/vue-dist/[22m[35massets/css/AttendanceWorkspaceView-CIngMPOO.css                                        [39m[1m[2m    11.34 kB[22m[1m[22m[2m │ gzip:     2.81 kB[22m
2026-09-18T06:38:19.2898906Z [2m../templates/vue-dist/[22m[35massets/css/YuangongStitchFullView-jqUmMb04.css                                         [39m[1m[2m    11.75 kB[22m[1m[22m[2m │ gzip:     2.72 kB[22m
2026-09-18T06:38:19.2900154Z [2m../templates/vue-dist/[22m[35massets/css/ImMessengerView-BDRKNgnU.css                                                [39m[1m[2m    11.78 kB[22m[1m[22m[2m │ gzip:     2.26 kB[22m
2026-09-18T06:38:19.2901343Z [2m../templates/vue-dist/[22m[35massets/css/AIOpenPanel-BriUaKkc.css                                                    [39m[1m[2m    11.91 kB[22m[1m[22m[2m │ gzip:     2.57 kB[22m
2026-09-18T06:38:19.2902662Z [2m../templates/vue-dist/[22m[35massets/css/LoginView-B8mDAuqY.css                                                      [39m[1m[2m    12.05 kB[22m[1m[22m[2m │ gzip:     2.52 kB[22m
2026-09-18T06:38:19.2904123Z [2m../templates/vue-dist/[22m[35massets/css/BatchAnalyzeView-D7TLmwJU.css                                               [39m[1m[2m    12.46 kB[22m[1m[22m[2m │ gzip:     2.68 kB[22m
2026-09-18T06:38:19.2906360Z [2m../templates/vue-dist/[22m[35massets/css/TpCreateModal-fUnLVFH2.css                                                  [39m[1m[2m    12.50 kB[22m[1m[22m[2m │ gzip:     2.72 kB[22m
2026-09-18T06:38:19.2907732Z [2m../templates/vue-dist/[22m[35massets/css/KittenAnalyzerView-Z9qK7T5e.css                                             [39m[1m[2m    12.70 kB[22m[1m[22m[2m │ gzip:     2.85 kB[22m
2026-09-18T06:38:19.2908933Z [2m../templates/vue-dist/[22m[35massets/css/MpBalanceFold-DTJPgFtV.css                                                  [39m[1m[2m    13.66 kB[22m[1m[22m[2m │ gzip:     3.16 kB[22m
2026-09-18T06:38:19.2910093Z [2m../templates/vue-dist/[22m[35massets/css/MpPlansFold-CJQbJueG.css                                                    [39m[1m[2m    13.66 kB[22m[1m[22m[2m │ gzip:     3.16 kB[22m
2026-09-18T06:38:19.2911290Z [2m../templates/vue-dist/[22m[35massets/css/MpCatalogFold-CEY8lzoL.css                                                  [39m[1m[2m    13.66 kB[22m[1m[22m[2m │ gzip:     3.16 kB[22m
2026-09-18T06:38:19.2912484Z [2m../templates/vue-dist/[22m[35massets/css/ModelPaymentView-MtUuPQsN.css                                               [39m[1m[2m    13.66 kB[22m[1m[22m[2m │ gzip:     3.16 kB[22m
2026-09-18T06:38:19.2913698Z [2m../templates/vue-dist/[22m[35massets/css/PrivateModDeliveryPanel-DsTGovb6.css                                        [39m[1m[2m    13.67 kB[22m[1m[22m[2m │ gzip:     2.45 kB[22m
2026-09-18T06:38:19.2915384Z [2m../templates/vue-dist/[22m[35massets/css/AdminEntitlementsView-nmRlfqAH.css                                          [39m[1m[2m    13.72 kB[22m[1m[22m[2m │ gzip:     2.51 kB[22m
2026-09-18T06:38:19.2916639Z [2m../templates/vue-dist/[22m[35massets/css/EtlCenterView-DujICXKs.css                                                  [39m[1m[2m    15.02 kB[22m[1m[22m[2m │ gzip:     3.34 kB[22m
2026-09-18T06:38:19.2917835Z [2m../templates/vue-dist/[22m[35massets/css/TmAddressBar-DEwLgwQo.css                                                   [39m[1m[2m    16.19 kB[22m[1m[22m[2m │ gzip:     3.68 kB[22m
2026-09-18T06:38:19.2919005Z [2m../templates/vue-dist/[22m[35massets/css/TmToolbar-DLHZ4m9O.css                                                      [39m[1m[2m    16.19 kB[22m[1m[22m[2m │ gzip:     3.68 kB[22m
2026-09-18T06:38:19.2920197Z [2m../templates/vue-dist/[22m[35massets/css/TmFileList-UIRXb1K0.css                                                     [39m[1m[2m    16.19 kB[22m[1m[22m[2m │ gzip:     3.68 kB[22m
2026-09-18T06:38:19.2921360Z [2m../templates/vue-dist/[22m[35massets/css/TmExcelPanel-B96foHbt.css                                                   [39m[1m[2m    16.19 kB[22m[1m[22m[2m │ gzip:     3.68 kB[22m
2026-09-18T06:38:19.2922540Z [2m../templates/vue-dist/[22m[35massets/css/TmInductMissingModal-d5JK8DxF.css                                           [39m[1m[2m    16.19 kB[22m[1m[22m[2m │ gzip:     3.68 kB[22m
2026-09-18T06:38:19.2923745Z [2m../templates/vue-dist/[22m[35massets/css/TraditionalModeView-B9gBU3M8.css                                            [39m[1m[2m    16.19 kB[22m[1m[22m[2m │ gzip:     3.68 kB[22m
2026-09-18T06:38:19.2924990Z [2m../templates/vue-dist/[22m[35massets/css/InternalCustomerServiceView-Cwq0xB4q.css                                    [39m[1m[2m    18.88 kB[22m[1m[22m[2m │ gzip:     3.59 kB[22m
2026-09-18T06:38:19.2926218Z [2m../templates/vue-dist/[22m[35massets/css/useChatViewHost-CqlBMrU6.css                                                [39m[1m[2m    27.63 kB[22m[1m[22m[2m │ gzip:     5.70 kB[22m
2026-09-18T06:38:19.2927420Z [2m../templates/vue-dist/[22m[35massets/css/PersyKnowledgeView-BZV3s7F2.css                                             [39m[1m[2m    31.23 kB[22m[1m[22m[2m │ gzip:     5.50 kB[22m
2026-09-18T06:38:19.2928646Z [2m../templates/vue-dist/[22m[35massets/css/SettingsAuditLogsCard-BcnAH5bA.css                                          [39m[1m[2m    31.36 kB[22m[1m[22m[2m │ gzip:     5.98 kB[22m
2026-09-18T06:38:19.2929961Z [2m../templates/vue-dist/[22m[35massets/css/SettingsIntentCard-BC6l9mxd.css                                             [39m[1m[2m    31.36 kB[22m[1m[22m[2m │ gzip:     5.98 kB[22m
2026-09-18T06:38:19.2931182Z [2m../templates/vue-dist/[22m[35massets/css/SettingsMemoryV2Card-B7iT20aQ.css                                           [39m[1m[2m    31.36 kB[22m[1m[22m[2m │ gzip:     5.98 kB[22m
2026-09-18T06:38:19.2932397Z [2m../templates/vue-dist/[22m[35massets/css/SettingsVersionsCard-CGFO5GBU.css                                           [39m[1m[2m    31.36 kB[22m[1m[22m[2m │ gzip:     5.98 kB[22m
2026-09-18T06:38:19.2933622Z [2m../templates/vue-dist/[22m[35massets/css/SettingsAboutCard-P_TVpXZ9.css                                              [39m[1m[2m    31.36 kB[22m[1m[22m[2m │ gzip:     5.98 kB[22m
2026-09-18T06:38:19.2934803Z [2m../templates/vue-dist/[22m[35massets/css/SettingsView-mV8G62Kb.css                                                   [39m[1m[2m    31.36 kB[22m[1m[22m[2m │ gzip:     5.98 kB[22m
2026-09-18T06:38:19.2936382Z [2m../templates/vue-dist/[22m[35massets/css/SettingsBasicCard-DRSf_Lww.css                                              [39m[1m[2m    35.61 kB[22m[1m[22m[2m │ gzip:     6.71 kB[22m
2026-09-18T06:38:19.2938399Z [2m../templates/vue-dist/[22m[35massets/css/EmployeeWorkspaceView-DvHD3Yfz.css                                          [39m[1m[2m    74.83 kB[22m[1m[22m[2m │ gzip:    10.68 kB[22m
2026-09-18T06:38:19.2939639Z [2m../templates/vue-dist/[22m[35massets/css/index-CGBEWyaA.css                                                          [39m[1m[2m   232.35 kB[22m[1m[22m[2m │ gzip:    42.58 kB[22m
2026-09-18T06:38:19.2940780Z [2m../templates/vue-dist/[22m[36massets/js/routes-BZ1jIWgf.js                                                           [39m[1m[2m     0.05 kB[22m[1m[22m[2m │ gzip:     0.07 kB[22m
2026-09-18T06:38:19.2941914Z [2m../templates/vue-dist/[22m[36massets/js/routes-Daj4aLtC.js                                                           [39m[1m[2m     0.05 kB[22m[1m[22m[2m │ gzip:     0.07 kB[22m
2026-09-18T06:38:19.2943061Z [2m../templates/vue-dist/[22m[36massets/js/channel-brWnj3rh.js                                                          [39m[1m[2m     0.11 kB[22m[1m[22m[2m │ gzip:     0.13 kB[22m
2026-09-18T06:38:19.2944237Z [2m../templates/vue-dist/[22m[36massets/js/SystemEmployeeChat-p1q8UCBI.js                                               [39m[1m[2m     0.14 kB[22m[1m[22m[2m │ gzip:     0.14 kB[22m
2026-09-18T06:38:19.2945440Z [2m../templates/vue-dist/[22m[36massets/js/OnboardingCompanyStep-MuxkH1du.js                                            [39m[1m[2m     0.14 kB[22m[1m[22m[2m │ gzip:     0.14 kB[22m
2026-09-18T06:38:19.2946669Z [2m../templates/vue-dist/[22m[36massets/js/OnboardingIndustryStep-DydhKi4x.js                                           [39m[1m[2m     0.14 kB[22m[1m[22m[2m │ gzip:     0.14 kB[22m
2026-09-18T06:38:19.2947921Z [2m../templates/vue-dist/[22m[36massets/js/adminDutyRosterGraphView.stub-B1uonrsR.js                                    [39m[1m[2m     0.15 kB[22m[1m[22m[2m │ gzip:     0.15 kB[22m
2026-09-18T06:38:19.2949115Z [2m../templates/vue-dist/[22m[36massets/js/init-Gi6I4Gst.js                                                             [39m[1m[2m     0.15 kB[22m[1m[22m[2m │ gzip:     0.13 kB[22m
2026-09-18T06:38:19.2950297Z [2m../templates/vue-dist/[22m[36massets/js/OnboardingConfigurationStep-CXW5g1Wg.js                                      [39m[1m[2m     0.15 kB[22m[1m[22m[2m │ gzip:     0.15 kB[22m
2026-09-18T06:38:19.2951523Z [2m../templates/vue-dist/[22m[36massets/js/chunk-2Q5K7J3B-CVtyTTSR.js                                                   [39m[1m[2m     0.19 kB[22m[1m[22m[2m │ gzip:     0.16 kB[22m
2026-09-18T06:38:19.2952806Z [2m../templates/vue-dist/[22m[36massets/js/useCoreNavLabel-DjSssHGB.js                                                  [39m[1m[2m     0.20 kB[22m[1m[22m[2m │ gzip:     0.18 kB[22m
2026-09-18T06:38:19.2953975Z [2m../templates/vue-dist/[22m[36massets/js/chunk-XXDRQBXY-B1f5Ivab.js                                                   [39m[1m[2m     0.24 kB[22m[1m[22m[2m │ gzip:     0.21 kB[22m
2026-09-18T06:38:19.2955547Z [2m../templates/vue-dist/[22m[36massets/js/BusinessDockingView-ByOKQNzM.js                                              [39m[1m[2m     0.25 kB[22m[1m[22m[2m │ gzip:     0.21 kB[22m
2026-09-18T06:38:19.2956749Z [2m../templates/vue-dist/[22m[36massets/js/chunk-JWPE2WC7-B3daYZLI.js                                                   [39m[1m[2m     0.30 kB[22m[1m[22m[2m │ gzip:     0.20 kB[22m
2026-09-18T06:38:19.2957907Z [2m../templates/vue-dist/[22m[36massets/js/PrintView-CikTpf9D.js                                                        [39m[1m[2m     0.34 kB[22m[1m[22m[2m │ gzip:     0.28 kB[22m
2026-09-18T06:38:19.2959067Z [2m../templates/vue-dist/[22m[36massets/js/LanGateView-Cctu5eJb.js                                                      [39m[1m[2m     0.34 kB[22m[1m[22m[2m │ gzip:     0.29 kB[22m
2026-09-18T06:38:19.2960542Z [2m../templates/vue-dist/[22m[36massets/js/OrdersView-BcoR9HVO.js                                                       [39m[1m[2m     0.34 kB[22m[1m[22m[2m │ gzip:     0.28 kB[22m
2026-09-18T06:38:19.2961848Z [2m../templates/vue-dist/[22m[36massets/js/MaterialsView-dxHuwDV2.js                                                    [39m[1m[2m     0.34 kB[22m[1m[22m[2m │ gzip:     0.28 kB[22m
2026-09-18T06:38:19.2963024Z [2m../templates/vue-dist/[22m[36massets/js/CustomersView-Cq4TzzLE.js                                                    [39m[1m[2m     0.34 kB[22m[1m[22m[2m │ gzip:     0.28 kB[22m
2026-09-18T06:38:19.2964226Z [2m../templates/vue-dist/[22m[36massets/js/ApprovalHubView-Ck5ecmRd.js                                                  [39m[1m[2m     0.34 kB[22m[1m[22m[2m │ gzip:     0.27 kB[22m
2026-09-18T06:38:19.2965405Z [2m../templates/vue-dist/[22m[36massets/js/InventoryView-DIT0whqK.js                                                    [39m[1m[2m     0.34 kB[22m[1m[22m[2m │ gzip:     0.28 kB[22m
2026-09-18T06:38:19.2966569Z [2m../templates/vue-dist/[22m[36massets/js/ChatDebugView-_inMa6d9.js                                                    [39m[1m[2m     0.34 kB[22m[1m[22m[2m │ gzip:     0.27 kB[22m
2026-09-18T06:38:19.2967721Z [2m../templates/vue-dist/[22m[36massets/js/PurchaseView-sUPADRAR.js                                                     [39m[1m[2m     0.34 kB[22m[1m[22m[2m │ gzip:     0.28 kB[22m
2026-09-18T06:38:19.2968876Z [2m../templates/vue-dist/[22m[36massets/js/routes-pMtv1sZd.js                                                           [39m[1m[2m     0.34 kB[22m[1m[22m[2m │ gzip:     0.20 kB[22m
2026-09-18T06:38:19.2970028Z [2m../templates/vue-dist/[22m[36massets/js/CreateOrderView-CejZsTOC.js                                                  [39m[1m[2m     0.34 kB[22m[1m[22m[2m │ gzip:     0.28 kB[22m
2026-09-18T06:38:19.2971199Z [2m../templates/vue-dist/[22m[36massets/js/LabelEditorView-CaTMe2ae.js                                                  [39m[1m[2m     0.34 kB[22m[1m[22m[2m │ gzip:     0.28 kB[22m
2026-09-18T06:38:19.2972382Z [2m../templates/vue-dist/[22m[36massets/js/ApprovalRulesView-CE41N_de.js                                                [39m[1m[2m     0.34 kB[22m[1m[22m[2m │ gzip:     0.27 kB[22m
2026-09-18T06:38:19.2973524Z [2m../templates/vue-dist/[22m[36massets/js/ToolsView-BgTdM4cr.js                                                        [39m[1m[2m     0.34 kB[22m[1m[22m[2m │ gzip:     0.29 kB[22m
2026-09-18T06:38:19.2974683Z [2m../templates/vue-dist/[22m[36massets/js/BatchAnalyzeView-AaRXtwYZ.js                                                 [39m[1m[2m     0.35 kB[22m[1m[22m[2m │ gzip:     0.29 kB[22m
2026-09-18T06:38:19.2976881Z [2m../templates/vue-dist/[22m[36massets/js/DataSourcesView-ClQoehro.js                                                  [39m[1m[2m     0.35 kB[22m[1m[22m[2m │ gzip:     0.28 kB[22m
2026-09-18T06:38:19.2978087Z [2m../templates/vue-dist/[22m[36massets/js/PrinterListView-CGAQs3Cc.js                                                  [39m[1m[2m     0.35 kB[22m[1m[22m[2m │ gzip:     0.28 kB[22m
2026-09-18T06:38:19.2979274Z [2m../templates/vue-dist/[22m[36massets/js/ShipmentRecordsView-CqVgehzh.js                                              [39m[1m[2m     0.35 kB[22m[1m[22m[2m │ gzip:     0.29 kB[22m
2026-09-18T06:38:19.2980471Z [2m../templates/vue-dist/[22m[36massets/js/ApprovalWorkspaceView-CbJqVyGZ.js                                            [39m[1m[2m     0.35 kB[22m[1m[22m[2m │ gzip:     0.28 kB[22m
2026-09-18T06:38:19.2981675Z [2m../templates/vue-dist/[22m[36massets/js/KittenFinanceView-B2uhsNoq.js                                                [39m[1m[2m     0.36 kB[22m[1m[22m[2m │ gzip:     0.29 kB[22m
2026-09-18T06:38:19.2982870Z [2m../templates/vue-dist/[22m[36massets/js/TraditionalModeView-XHDC7gR_.js                                              [39m[1m[2m     0.36 kB[22m[1m[22m[2m │ gzip:     0.29 kB[22m
2026-09-18T06:38:19.2984166Z [2m../templates/vue-dist/[22m[36massets/js/TemplatePreviewView-Cmzl7FlA.js                                              [39m[1m[2m     0.36 kB[22m[1m[22m[2m │ gzip:     0.29 kB[22m
2026-09-18T06:38:19.2985342Z [2m../templates/vue-dist/[22m[36massets/js/ModelPaymentView-BGXCv1Ym.js                                                 [39m[1m[2m     0.36 kB[22m[1m[22m[2m │ gzip:     0.30 kB[22m
2026-09-18T06:38:19.2986550Z [2m../templates/vue-dist/[22m[36massets/js/ApprovalFlowManagementView-BfKTBSkT.js                                       [39m[1m[2m     0.36 kB[22m[1m[22m[2m │ gzip:     0.28 kB[22m
2026-09-18T06:38:19.2987742Z [2m../templates/vue-dist/[22m[36massets/js/chunk-5VM5RSS4-C5ZaNc7u.js                                                   [39m[1m[2m     0.37 kB[22m[1m[22m[2m │ gzip:     0.27 kB[22m
2026-09-18T06:38:19.2988885Z [2m../templates/vue-dist/[22m[36massets/js/LanGateView-BRFz37L4.js                                                      [39m[1m[2m     0.37 kB[22m[1m[22m[2m │ gzip:     0.29 kB[22m
2026-09-18T06:38:19.2990093Z [2m../templates/vue-dist/[22m[36massets/js/EnterpriseCustomerServiceView-FDVPV2a_.js                                    [39m[1m[2m     0.37 kB[22m[1m[22m[2m │ gzip:     0.28 kB[22m
2026-09-18T06:38:19.2991349Z [2m../templates/vue-dist/[22m[36massets/js/WorkflowVisualizationView-DuLYCr5u.js                                        [39m[1m[2m     0.38 kB[22m[1m[22m[2m │ gzip:     0.30 kB[22m
2026-09-18T06:38:19.2992511Z [2m../templates/vue-dist/[22m[36massets/js/routes-DpOTXUw0.js                                                           [39m[1m[2m     0.39 kB[22m[1m[22m[2m │ gzip:     0.31 kB[22m
2026-09-18T06:38:19.2993678Z [2m../templates/vue-dist/[22m[36massets/js/stateDiagram-v2-UEYNNEHI-CELKvPzh.js                                         [39m[1m[2m     0.43 kB[22m[1m[22m[2m │ gzip:     0.30 kB[22m
2026-09-18T06:38:19.2994847Z [2m../templates/vue-dist/[22m[36massets/js/routes-BmP2Lln1.js                                                           [39m[1m[2m     0.44 kB[22m[1m[22m[2m │ gzip:     0.30 kB[22m
2026-09-18T06:38:19.2996309Z [2m../templates/vue-dist/[22m[36massets/js/routes-AQW_EXXk.js                                                           [39m[1m[2m     0.45 kB[22m[1m[22m[2m │ gzip:     0.30 kB[22m
2026-09-18T06:38:19.2997419Z [2m../templates/vue-dist/[22m[36massets/js/index-CPcBvHan.js                                                            [39m[1m[2m     0.46 kB[22m[1m[22m[2m │ gzip:     0.35 kB[22m
2026-09-18T06:38:19.2998964Z [2m../templates/vue-dist/[22m[36massets/js/classDiagram-JCYQIIEL-TRzkMX7f.js                                            [39m[1m[2m     0.47 kB[22m[1m[22m[2m │ gzip:     0.32 kB[22m
2026-09-18T06:38:19.3000192Z [2m../templates/vue-dist/[22m[36massets/js/classDiagram-v2-OCEON4UE-TRzkMX7f.js                                         [39m[1m[2m     0.47 kB[22m[1m[22m[2m │ gzip:     0.32 kB[22m
2026-09-18T06:38:19.3001399Z [2m../templates/vue-dist/[22m[36massets/js/superEmployeeAvatars-B4-g8kcC.js                                             [39m[1m[2m     0.49 kB[22m[1m[22m[2m │ gzip:     0.25 kB[22m
2026-09-18T06:38:19.3002552Z [2m../templates/vue-dist/[22m[36massets/js/routes-Cyeu_QEA.js                                                           [39m[1m[2m     0.52 kB[22m[1m[22m[2m │ gzip:     0.32 kB[22m
2026-09-18T06:38:19.3003697Z [2m../templates/vue-dist/[22m[36massets/js/chunk-KBJHAD2P-DnOgtDJ5.js                                                   [39m[1m[2m     0.53 kB[22m[1m[22m[2m │ gzip:     0.37 kB[22m
2026-09-18T06:38:19.3004887Z [2m../templates/vue-dist/[22m[36massets/js/swimlanesDiagram-ULZ7WXOC-2ew2MFri.js                                        [39m[1m[2m     0.55 kB[22m[1m[22m[2m │ gzip:     0.37 kB[22m
2026-09-18T06:38:19.3006794Z [2m../templates/vue-dist/[22m[36massets/js/routes-D-qNfvqR.js                                                           [39m[1m[2m     0.57 kB[22m[1m[22m[2m │ gzip:     0.33 kB[22m
2026-09-18T06:38:19.3008881Z [2m../templates/vue-dist/[22m[36massets/js/routes-Cd4fcXDH.js                                                           [39m[1m[2m     0.59 kB[22m[1m[22m[2m │ gzip:     0.36 kB[22m
2026-09-18T06:38:19.3010822Z [2m../templates/vue-dist/[22m[36massets/js/HomeView-BRSQIBmZ.js                                                         [39m[1m[2m     0.66 kB[22m[1m[22m[2m │ gzip:     0.56 kB[22m
2026-09-18T06:38:19.3012777Z [2m../templates/vue-dist/[22m[36massets/js/routes-Ciom1sd5.js                                                           [39m[1m[2m     0.70 kB[22m[1m[22m[2m │ gzip:     0.36 kB[22m
2026-09-18T06:38:19.3014795Z [2m../templates/vue-dist/[22m[36massets/js/OtherToolsView-BTLDbbB4.js                                                   [39m[1m[2m     0.71 kB[22m[1m[22m[2m │ gzip:     0.46 kB[22m
2026-09-18T06:38:19.3016971Z [2m../templates/vue-dist/[22m[36massets/js/routes-CddDhKnc.js                                                           [39m[1m[2m     0.72 kB[22m[1m[22m[2m │ gzip:     0.38 kB[22m
2026-09-18T06:38:19.3019061Z [2m../templates/vue-dist/[22m[36massets/js/PrivateModDeliveryView-DxC1P1rA.js                                           [39m[1m[2m     0.76 kB[22m[1m[22m[2m │ gzip:     0.50 kB[22m
2026-09-18T06:38:19.3021388Z [2m../templates/vue-dist/[22m[36massets/js/infoDiagram-6WML65LV-BDdVH9kt.js                                             [39m[1m[2m     0.81 kB[22m[1m[22m[2m │ gzip:     0.53 kB[22m
2026-09-18T06:38:19.3023501Z [2m../templates/vue-dist/[22m[36massets/js/routes-EHHqb6Ds.js                                                           [39m[1m[2m     0.84 kB[22m[1m[22m[2m │ gzip:     0.43 kB[22m
2026-09-18T06:38:19.3025668Z [2m../templates/vue-dist/[22m[36massets/js/productErrorMessage-Vv4Uio5s.js                                              [39m[1m[2m     0.88 kB[22m[1m[22m[2m │ gzip:     0.55 kB[22m
2026-09-18T06:38:19.3028133Z [2m../templates/vue-dist/[22m[36massets/js/safeJsonRequest-7dLvM4wd.js                                                  [39m[1m[2m     0.94 kB[22m[1m[22m[2m │ gzip:     0.59 kB[22m
2026-09-18T06:38:19.3030283Z [2m../templates/vue-dist/[22m[36massets/js/templateScopeRules-Dr9GInm5.js                                               [39m[1m[2m     1.08 kB[22m[1m[22m[2m │ gzip:     0.51 kB[22m
2026-09-18T06:38:19.3033010Z [2m../templates/vue-dist/[22m[36massets/js/sizeCapture-X5ZJPWSS-JBvX5WeL.js                                             [39m[1m[2m     1.08 kB[22m[1m[22m[2m │ gzip:     0.59 kB[22m
2026-09-18T06:38:19.3035396Z [2m../templates/vue-dist/[22m[36massets/js/TmAddressBar-DDo-7Ohd.js                                                     [39m[1m[2m     1.10 kB[22m[1m[22m[2m │ gzip:     0.67 kB[22m
2026-09-18T06:38:19.3037589Z [2m../templates/vue-dist/[22m[36massets/js/TencentDocEmbedView-Bj8VHr7y.js                                              [39m[1m[2m     1.11 kB[22m[1m[22m[2m │ gzip:     0.79 kB[22m
2026-09-18T06:38:19.3039753Z [2m../templates/vue-dist/[22m[36massets/js/CdCompareCard-BlObiFO_.js                                                    [39m[1m[2m     1.12 kB[22m[1m[22m[2m │ gzip:     0.57 kB[22m
2026-09-18T06:38:19.3041974Z [2m../templates/vue-dist/[22m[36massets/js/WorkflowVisualizationView-D-SPU-j3.js                                        [39m[1m[2m     1.12 kB[22m[1m[22m[2m │ gzip:     0.71 kB[22m
2026-09-18T06:38:19.3044179Z [2m../templates/vue-dist/[22m[36massets/js/RlPendingApprovals-Vd7sccYl.js                                               [39m[1m[2m     1.13 kB[22m[1m[22m[2m │ gzip:     0.66 kB[22m
2026-09-18T06:38:19.3046613Z [2m../templates/vue-dist/[22m[36massets/js/kitten-CkDtIV3v.js                                                           [39m[1m[2m     1.14 kB[22m[1m[22m[2m │ gzip:     0.39 kB[22m
2026-09-18T06:38:19.3048834Z [2m../templates/vue-dist/[22m[36massets/js/ordinal-Cboi1Yqb.js                                                          [39m[1m[2m     1.19 kB[22m[1m[22m[2m │ gzip:     0.57 kB[22m
2026-09-18T06:38:19.3050959Z [2m../templates/vue-dist/[22m[36massets/js/RlEditModal-C-eM70I5.js                                                      [39m[1m[2m     1.20 kB[22m[1m[22m[2m │ gzip:     0.73 kB[22m
2026-09-18T06:38:19.3052954Z [2m../templates/vue-dist/[22m[36massets/js/routes-CB8hF6ta.js                                                           [39m[1m[2m     1.20 kB[22m[1m[22m[2m │ gzip:     0.61 kB[22m
2026-09-18T06:38:19.3054920Z [2m../templates/vue-dist/[22m[36massets/js/TpGridToolModal-D94C4MOs.js                                                  [39m[1m[2m     1.37 kB[22m[1m[22m[2m │ gzip:     0.78 kB[22m
2026-09-18T06:38:19.3056867Z [2m../templates/vue-dist/[22m[36massets/js/AwStatsCards-BthoY4MO.js                                                     [39m[1m[2m     1.37 kB[22m[1m[22m[2m │ gzip:     0.57 kB[22m
2026-09-18T06:38:19.3058921Z [2m../templates/vue-dist/[22m[36massets/js/ApprovalHubView-B636sAHZ.js                                                  [39m[1m[2m     1.41 kB[22m[1m[22m[2m │ gzip:     0.79 kB[22m
2026-09-18T06:38:19.3060946Z [2m../templates/vue-dist/[22m[36massets/js/loginBranding-JGO9dfN9.js                                                    [39m[1m[2m     1.42 kB[22m[1m[22m[2m │ gzip:     0.87 kB[22m
2026-09-18T06:38:19.3062913Z [2m../templates/vue-dist/[22m[36massets/js/TpEditModal-B1wSYYG9.js                                                      [39m[1m[2m     1.51 kB[22m[1m[22m[2m │ gzip:     0.79 kB[22m
2026-09-18T06:38:19.3064995Z [2m../templates/vue-dist/[22m[36massets/js/railroadDiagram-AXF67PYL-HD15sIjv.js                                         [39m[1m[2m     1.61 kB[22m[1m[22m[2m │ gzip:     0.75 kB[22m
2026-09-18T06:38:19.3067310Z [2m../templates/vue-dist/[22m[36massets/js/AwPendingList-DD1bl-20.js                                                    [39m[1m[2m     1.67 kB[22m[1m[22m[2m │ gzip:     0.88 kB[22m
2026-09-18T06:38:19.3069250Z [2m../templates/vue-dist/[22m[36massets/js/DiscoverView-sdwhCWBK.js                                                     [39m[1m[2m     1.70 kB[22m[1m[22m[2m │ gzip:     0.76 kB[22m
2026-09-18T06:38:19.3071179Z [2m../templates/vue-dist/[22m[36massets/js/BaMoveModal-CpmWzmg1.js                                                      [39m[1m[2m     1.71 kB[22m[1m[22m[2m │ gzip:     0.91 kB[22m
2026-09-18T06:38:19.3073835Z [2m../templates/vue-dist/[22m[36massets/js/MessengerContactPicker-VVcvkZmb.js                                           [39m[1m[2m     1.73 kB[22m[1m[22m[2m │ gzip:     0.97 kB[22m
2026-09-18T06:38:19.3075934Z [2m../templates/vue-dist/[22m[36massets/js/CdTestPackCard-C81hmvBq.js                                                   [39m[1m[2m     1.76 kB[22m[1m[22m[2m │ gzip:     0.93 kB[22m
2026-09-18T06:38:19.3077909Z [2m../templates/vue-dist/[22m[36massets/js/MpPlansFold-Dv8yYSq4.js                                                      [39m[1m[2m     1.78 kB[22m[1m[22m[2m │ gzip:     0.98 kB[22m
2026-09-18T06:38:19.3079885Z [2m../templates/vue-dist/[22m[36massets/js/TmInductMissingModal-DKtJ9PmT.js                                             [39m[1m[2m     1.79 kB[22m[1m[22m[2m │ gzip:     1.01 kB[22m
2026-09-18T06:38:19.3081981Z [2m../templates/vue-dist/[22m[36massets/js/abnfDiagram-N423BO3Z-C4jQOKcm.js                                             [39m[1m[2m     1.81 kB[22m[1m[22m[2m │ gzip:     0.89 kB[22m
2026-09-18T06:38:19.3084041Z [2m../templates/vue-dist/[22m[36massets/js/CdResultCards-BtvNwrQ2.js                                                    [39m[1m[2m     1.82 kB[22m[1m[22m[2m │ gzip:     0.85 kB[22m
2026-09-18T06:38:19.3086554Z [2m../templates/vue-dist/[22m[36massets/js/TpReplaceModal-DujuHBno.js                                                   [39m[1m[2m     1.85 kB[22m[1m[22m[2m │ gzip:     1.07 kB[22m
2026-09-18T06:38:19.3088845Z [2m../templates/vue-dist/[22m[36massets/js/OnboardingCompanyStep.vue_vue_type_script_setup_true_lang-RwBUlEIS.js        [39m[1m[2m     1.88 kB[22m[1m[22m[2m │ gzip:     1.08 kB[22m
2026-09-18T06:38:19.3091023Z [2m../templates/vue-dist/[22m[36massets/js/chunk-2GRJ4B5K-CmghpYYr.js                                                   [39m[1m[2m     1.88 kB[22m[1m[22m[2m │ gzip:     0.83 kB[22m
2026-09-18T06:38:19.3092964Z [2m../templates/vue-dist/[22m[36massets/js/CdInputCard-V8gOr4xu.js                                                      [39m[1m[2m     1.89 kB[22m[1m[22m[2m │ gzip:     1.00 kB[22m
2026-09-18T06:38:19.3094972Z [2m../templates/vue-dist/[22m[36massets/js/MpBalanceFold-CYQMieZx.js                                                    [39m[1m[2m     1.89 kB[22m[1m[22m[2m │ gzip:     0.96 kB[22m
2026-09-18T06:38:19.3096996Z [2m../templates/vue-dist/[22m[36massets/js/SettingsVersionsCard-DoYFfcPv.js                                             [39m[1m[2m     1.93 kB[22m[1m[22m[2m │ gzip:     0.80 kB[22m
2026-09-18T06:38:19.3099140Z [2m../templates/vue-dist/[22m[36massets/js/pegDiagram-VL7TDLO6-Zk6sHcB6.js                                              [39m[1m[2m     1.96 kB[22m[1m[22m[2m │ gzip:     0.92 kB[22m
2026-09-18T06:38:19.3101244Z [2m../templates/vue-dist/[22m[36massets/js/FmFlowList-x4h7ZmXk.js                                                       [39m[1m[2m     1.98 kB[22m[1m[22m[2m │ gzip:     1.05 kB[22m
2026-09-18T06:38:19.3103198Z [2m../templates/vue-dist/[22m[36massets/js/ebnfDiagram-BXEA7PRR-BG1NGICb.js                                             [39m[1m[2m     2.01 kB[22m[1m[22m[2m │ gzip:     0.88 kB[22m
2026-09-18T06:38:19.3105302Z [2m../templates/vue-dist/[22m[36massets/js/useProductsReadLifecycle-bEF5cRab.js                                         [39m[1m[2m     2.05 kB[22m[1m[22m[2m │ gzip:     1.04 kB[22m
2026-09-18T06:38:19.3107745Z [2m../templates/vue-dist/[22m[36massets/js/HostModBridgeView.vue_vue_type_script_setup_true_lang-CBovkVG_.js            [39m[1m[2m     2.07 kB[22m[1m[22m[2m │ gzip:     1.26 kB[22m
2026-09-18T06:38:19.3109872Z [2m../templates/vue-dist/[22m[36massets/js/LoginHelpView-CHFgBks-.js                                                    [39m[1m[2m     2.26 kB[22m[1m[22m[2m │ gzip:     1.31 kB[22m
2026-09-18T06:38:19.3112098Z [2m../templates/vue-dist/[22m[36massets/js/SettingsIntentCard-DDo5AzPm.js                                               [39m[1m[2m     2.29 kB[22m[1m[22m[2m │ gzip:     0.98 kB[22m
2026-09-18T06:38:19.3114132Z [2m../templates/vue-dist/[22m[36massets/js/AwInitiatedList-CdG50yAc.js                                                  [39m[1m[2m     2.30 kB[22m[1m[22m[2m │ gzip:     1.21 kB[22m
2026-09-18T06:38:19.3116138Z [2m../templates/vue-dist/[22m[36massets/js/templatePreview-coRf_-a5.js                                                  [39m[1m[2m     2.34 kB[22m[1m[22m[2m │ gzip:     1.00 kB[22m
2026-09-18T06:38:19.3118112Z [2m../templates/vue-dist/[22m[36massets/js/TmToolbar-CDru0u2W.js                                                        [39m[1m[2m     2.34 kB[22m[1m[22m[2m │ gzip:     1.08 kB[22m
2026-09-18T06:38:19.3120107Z [2m../templates/vue-dist/[22m[36massets/js/MeetingRoomView-yw2ie6k9.js                                                  [39m[1m[2m     2.37 kB[22m[1m[22m[2m │ gzip:     1.35 kB[22m
2026-09-18T06:38:19.3122109Z [2m../templates/vue-dist/[22m[36massets/js/MpCatalogFold-TYP7H1Ox.js                                                    [39m[1m[2m     2.37 kB[22m[1m[22m[2m │ gzip:     1.19 kB[22m
2026-09-18T06:38:19.3124124Z [2m../templates/vue-dist/[22m[36massets/js/SettingsAuditLogsCard-CsMSyTX8.js                                            [39m[1m[2m     2.38 kB[22m[1m[22m[2m │ gzip:     0.98 kB[22m
2026-09-18T06:38:19.3126370Z [2m../templates/vue-dist/[22m[36massets/js/SettingsAboutCard-C0AOozB2.js                                                [39m[1m[2m     2.40 kB[22m[1m[22m[2m │ gzip:     0.97 kB[22m
2026-09-18T06:38:19.3128684Z [2m../templates/vue-dist/[22m[36massets/js/TpPreviewModal-B2Qjj4rW.js                                                   [39m[1m[2m     2.54 kB[22m[1m[22m[2m │ gzip:     1.27 kB[22m
2026-09-18T06:38:19.3130682Z [2m../templates/vue-dist/[22m[36massets/js/BusinessDockingView-BsTKv_pz.js                                              [39m[1m[2m     2.60 kB[22m[1m[22m[2m │ gzip:     1.50 kB[22m
2026-09-18T06:38:19.3132682Z [2m../templates/vue-dist/[22m[36massets/js/routes-BRnPlDAd.js                                                           [39m[1m[2m     2.61 kB[22m[1m[22m[2m │ gzip:     0.98 kB[22m
2026-09-18T06:38:19.3134661Z [2m../templates/vue-dist/[22m[36massets/js/useServiceBridge-D8T1rsWz.js                                                 [39m[1m[2m     2.74 kB[22m[1m[22m[2m │ gzip:     1.20 kB[22m
2026-09-18T06:38:19.3136703Z [2m../templates/vue-dist/[22m[36massets/js/codexSuperEmployee-Bf3AtKtH.js                                               [39m[1m[2m     2.76 kB[22m[1m[22m[2m │ gzip:     0.92 kB[22m
2026-09-18T06:38:19.3138723Z [2m../templates/vue-dist/[22m[36massets/js/DesktopRuntimeView-DRU2LZU3.js                                               [39m[1m[2m     2.88 kB[22m[1m[22m[2m │ gzip:     1.48 kB[22m
2026-09-18T06:38:19.3140903Z [2m../templates/vue-dist/[22m[36massets/js/OnboardingIndustryStep.vue_vue_type_script_setup_true_lang-jB1Bei_m.js       [39m[1m[2m     2.90 kB[22m[1m[22m[2m │ gzip:     1.49 kB[22m
2026-09-18T06:38:19.3143081Z [2m../templates/vue-dist/[22m[36massets/js/ForgotAccountView-C-Fp9GcG.js                                                [39m[1m[2m     3.00 kB[22m[1m[22m[2m │ gzip:     1.67 kB[22m
2026-09-18T06:38:19.3145051Z [2m../templates/vue-dist/[22m[36massets/js/products-AfxXIs_i.js                                                         [39m[1m[2m     3.05 kB[22m[1m[22m[2m │ gzip:     1.44 kB[22m
2026-09-18T06:38:19.3147283Z [2m../templates/vue-dist/[22m[36massets/js/LabelPreview-DMAn8Pfo.js                                                     [39m[1m[2m     3.17 kB[22m[1m[22m[2m │ gzip:     1.31 kB[22m
2026-09-18T06:38:19.3149266Z [2m../templates/vue-dist/[22m[36massets/js/LeFieldsPanel-d9xNnYy3.js                                                    [39m[1m[2m     3.18 kB[22m[1m[22m[2m │ gzip:     1.38 kB[22m
2026-09-18T06:38:19.3151474Z [2m../templates/vue-dist/[22m[36massets/js/ConversationChat-CU2nSucm.js                                                 [39m[1m[2m     3.25 kB[22m[1m[22m[2m │ gzip:     1.58 kB[22m
2026-09-18T06:38:19.3153504Z [2m../templates/vue-dist/[22m[36massets/js/ModLandingView-CH_RRsRk.js                                                   [39m[1m[2m     3.31 kB[22m[1m[22m[2m │ gzip:     1.88 kB[22m
2026-09-18T06:38:19.3155575Z [2m../templates/vue-dist/[22m[36massets/js/InternalCustomerServiceView-DMj1jRL-.js                                      [39m[1m[2m     3.39 kB[22m[1m[22m[2m │ gzip:     1.90 kB[22m
2026-09-18T06:38:19.3157576Z [2m../templates/vue-dist/[22m[36massets/js/arc-9VNIh0lJ.js                                                              [39m[1m[2m     3.43 kB[22m[1m[22m[2m │ gzip:     1.47 kB[22m
2026-09-18T06:38:19.3159530Z [2m../templates/vue-dist/[22m[36massets/js/BaPreviewModal-YXZDRzGo.js                                                   [39m[1m[2m     3.46 kB[22m[1m[22m[2m │ gzip:     1.44 kB[22m
2026-09-18T06:38:19.3161561Z [2m../templates/vue-dist/[22m[36massets/js/ConversationSidebar-Dfusbx78.js                                              [39m[1m[2m     3.57 kB[22m[1m[22m[2m │ gzip:     1.50 kB[22m
2026-09-18T06:38:19.3164207Z [2m../templates/vue-dist/[22m[36massets/js/OnboardingConfigurationStep.vue_vue_type_script_setup_true_lang-B1IxsgPV.js  [39m[1m[2m     3.59 kB[22m[1m[22m[2m │ gzip:     1.88 kB[22m
2026-09-18T06:38:19.3166368Z [2m../templates/vue-dist/[22m[36massets/js/RlRulesPanel-mqmmmQBN.js                                                     [39m[1m[2m     3.68 kB[22m[1m[22m[2m │ gzip:     1.62 kB[22m
2026-09-18T06:38:19.3168382Z [2m../templates/vue-dist/[22m[36massets/js/WorkflowVisualizationView-Djg_UKom.js                                        [39m[1m[2m     3.78 kB[22m[1m[22m[2m │ gzip:     1.72 kB[22m
2026-09-18T06:38:19.3170421Z [2m../templates/vue-dist/[22m[36massets/js/AIEcosystemView-27B1aHu_.js                                                  [39m[1m[2m     3.85 kB[22m[1m[22m[2m │ gzip:     1.68 kB[22m
2026-09-18T06:38:19.3172427Z [2m../templates/vue-dist/[22m[36massets/js/AIEcosystemView-D0O6iycB.js                                                  [39m[1m[2m     3.98 kB[22m[1m[22m[2m │ gzip:     1.73 kB[22m
2026-09-18T06:38:19.3174481Z [2m../templates/vue-dist/[22m[36massets/js/ApprovalFlowManagementView-B_6kOn50.js                                       [39m[1m[2m     4.14 kB[22m[1m[22m[2m │ gzip:     1.94 kB[22m
2026-09-18T06:38:19.3176539Z [2m../templates/vue-dist/[22m[36massets/js/RuntimeModView-l2E1bp3q.js                                                   [39m[1m[2m     4.26 kB[22m[1m[22m[2m │ gzip:     2.20 kB[22m
2026-09-18T06:38:19.3178555Z [2m../templates/vue-dist/[22m[36massets/js/kittenDatasetParser-DKtsyT2v.js                                              [39m[1m[2m     4.30 kB[22m[1m[22m[2m │ gzip:     2.13 kB[22m
2026-09-18T06:38:19.3180588Z [2m../templates/vue-dist/[22m[36massets/js/SaasPricingView-BtVBzrUy.js                                                  [39m[1m[2m     4.32 kB[22m[1m[22m[2m │ gzip:     2.17 kB[22m
2026-09-18T06:38:19.3182974Z [2m../templates/vue-dist/[22m[36massets/js/enterpriseWorkflowEstablishment-DEtnZMDP.js                                  [39m[1m[2m     4.37 kB[22m[1m[22m[2m │ gzip:     1.61 kB[22m
2026-09-18T06:38:19.3185103Z [2m../templates/vue-dist/[22m[36massets/js/AwDetailModal-ByzPKjUS.js                                                    [39m[1m[2m     4.43 kB[22m[1m[22m[2m │ gzip:     1.81 kB[22m
2026-09-18T06:38:19.3187132Z [2m../templates/vue-dist/[22m[36massets/js/workflowEmployeeOnboard-XeusTRxh.js                                          [39m[1m[2m     4.46 kB[22m[1m[22m[2m │ gzip:     1.75 kB[22m
2026-09-18T06:38:19.3189393Z [2m../templates/vue-dist/[22m[36massets/js/ApprovalRulesView-DOACTWuq.js                                                [39m[1m[2m     4.49 kB[22m[1m[22m[2m │ gzip:     2.07 kB[22m
2026-09-18T06:38:19.3191480Z [2m../templates/vue-dist/[22m[36massets/js/defaultLocale-DX6XiGOO.js                                                    [39m[1m[2m     4.69 kB[22m[1m[22m[2m │ gzip:     2.18 kB[22m
2026-09-18T06:38:19.3192558Z [33m
2026-09-18T06:38:19.3193136Z (!) Some chunks are larger than 500 kB after minification. Consider:
2026-09-18T06:38:19.3193869Z - Using dynamic import() to code-split the application
2026-09-18T06:38:19.3195125Z - Use build.rollupOptions.output.manualChunks to improve chunking: https://rollupjs.org/configuration-options/#output-manualchunks
2026-09-18T06:38:19.3196511Z - Adjust chunk size limit for this warning via build.chunkSizeWarningLimit.[39m
2026-09-18T06:38:19.3198192Z [2m../templates/vue-dist/[22m[36massets/js/TmFileList-B7jnz2wS.js                                                       [39m[1m[2m     4.77 kB[22m[1m[22m[2m │ gzip:     1.89 kB[22m
2026-09-18T06:38:19.3200191Z [2m../templates/vue-dist/[22m[36massets/js/diagram-LBJQPF4R-Dqbl04m6.js                                                 [39m[1m[2m     4.85 kB[22m[1m[22m[2m │ gzip:     2.14 kB[22m
2026-09-18T06:38:19.3203460Z [2m../templates/vue-dist/[22m[36massets/js/map-xfmTSMRy.js                                                              [39m[1m[2m     4.86 kB[22m[1m[22m[2m │ gzip:     1.99 kB[22m
2026-09-18T06:38:19.3205583Z [2m../templates/vue-dist/[22m[36massets/js/WorkflowEmployeeInspector-B_YSXC4X.js                                        [39m[1m[2m     4.91 kB[22m[1m[22m[2m │ gzip:     2.46 kB[22m
2026-09-18T06:38:19.3207620Z [2m../templates/vue-dist/[22m[36massets/js/ConfirmDialog-DXyOr8hY.js                                                    [39m[1m[2m     4.95 kB[22m[1m[22m[2m │ gzip:     2.08 kB[22m
2026-09-18T06:38:19.3209636Z [2m../templates/vue-dist/[22m[36massets/js/OtherToolsView-KWys9vZ1.js                                                   [39m[1m[2m     4.95 kB[22m[1m[22m[2m │ gzip:     2.18 kB[22m
2026-09-18T06:38:19.3211633Z [2m../templates/vue-dist/[22m[36massets/js/approval-BhCy7bFn.js                                                         [39m[1m[2m     5.02 kB[22m[1m[22m[2m │ gzip:     1.49 kB[22m
2026-09-18T06:38:19.3213640Z [2m../templates/vue-dist/[22m[36massets/js/ForgotPasswordView-BIMbxUey.js                                               [39m[1m[2m     5.27 kB[22m[1m[22m[2m │ gzip:     2.24 kB[22m
2026-09-18T06:38:19.3215651Z [2m../templates/vue-dist/[22m[36massets/js/FmFlowModal-BsS1R_4Q.js                                                      [39m[1m[2m     5.30 kB[22m[1m[22m[2m │ gzip:     2.10 kB[22m
2026-09-18T06:38:19.3217659Z [2m../templates/vue-dist/[22m[36massets/js/TpTemplateCard-B5Kx4vLR.js                                                   [39m[1m[2m     5.42 kB[22m[1m[22m[2m │ gzip:     1.98 kB[22m
2026-09-18T06:38:19.3219720Z [2m../templates/vue-dist/[22m[36massets/js/ProjectFactoryView-BqIYVd-p.js                                               [39m[1m[2m     5.60 kB[22m[1m[22m[2m │ gzip:     2.69 kB[22m
2026-09-18T06:38:19.3221723Z [2m../templates/vue-dist/[22m[36massets/js/linear-jDXO4B9l.js                                                           [39m[1m[2m     5.68 kB[22m[1m[22m[2m │ gzip:     2.32 kB[22m
2026-09-18T06:38:19.3223784Z [2m../templates/vue-dist/[22m[36massets/js/BaGroupCard-C7Smh5Yy.js                                                      [39m[1m[2m     6.18 kB[22m[1m[22m[2m │ gzip:     2.63 kB[22m
2026-09-18T06:38:19.3224954Z [2m../templates/vue-dist/[22m[36massets/js/RegisterView---i-MNV5.js                                                     [39m[1m[2m     6.33 kB[22m[1m[22m[2m │ gzip:     2.77 kB[22m
2026-09-18T06:38:19.3226120Z [2m../templates/vue-dist/[22m[36massets/js/pieDiagram-7S7Q4E2Y-CzIOZrQS.js                                              [39m[1m[2m     6.61 kB[22m[1m[22m[2m │ gzip:     2.78 kB[22m
2026-09-18T06:38:19.3227442Z [2m../templates/vue-dist/[22m[36massets/js/ModDetails-BmupHJL4.js                                                       [39m[1m[2m     6.66 kB[22m[1m[22m[2m │ gzip:     2.69 kB[22m
2026-09-18T06:38:19.3228588Z [2m../templates/vue-dist/[22m[36massets/js/OrdersView-UDf752kO.js                                                       [39m[1m[2m     6.77 kB[22m[1m[22m[2m │ gzip:     2.77 kB[22m
2026-09-18T06:38:19.3229743Z [2m../templates/vue-dist/[22m[36massets/js/diagram-UB23O5K3-Cvme1lyU.js                                                 [39m[1m[2m     6.94 kB[22m[1m[22m[2m │ gzip:     2.99 kB[22m
2026-09-18T06:38:19.3230921Z [2m../templates/vue-dist/[22m[36massets/js/ApprovalWorkspaceView-CVm_9iNC.js                                            [39m[1m[2m     7.45 kB[22m[1m[22m[2m │ gzip:     3.34 kB[22m
2026-09-18T06:38:19.3232101Z [2m../templates/vue-dist/[22m[36massets/js/PretextTestView-D9hSJrT-.js                                                  [39m[1m[2m     7.46 kB[22m[1m[22m[2m │ gzip:     2.99 kB[22m
2026-09-18T06:38:19.3233358Z [2m../templates/vue-dist/[22m[36massets/js/SystemEmployeeChat.vue_vue_type_script_setup_true_lang-DHLyHHaJ.js           [39m[1m[2m     7.55 kB[22m[1m[22m[2m │ gzip:     2.31 kB[22m
2026-09-18T06:38:19.3235144Z [2m../templates/vue-dist/[22m[36massets/js/chunk-RYQCIY6F-DHtMYyIO.js                                                   [39m[1m[2m     7.64 kB[22m[1m[22m[2m │ gzip:     2.97 kB[22m
2026-09-18T06:38:19.3236369Z [2m../templates/vue-dist/[22m[36massets/js/AdminBusinessCustomersView-C31jCZ9P.js                                       [39m[1m[2m     7.96 kB[22m[1m[22m[2m │ gzip:     3.46 kB[22m
2026-09-18T06:38:19.3237826Z [2m../templates/vue-dist/[22m[36massets/js/ChatDebugView-CZXNr0m-.js                                                    [39m[1m[2m     8.08 kB[22m[1m[22m[2m │ gzip:     3.83 kB[22m
2026-09-18T06:38:19.3239197Z [2m../templates/vue-dist/[22m[36massets/js/tpTemplateMeta-CWpWjZGe.js                                                   [39m[1m[2m     8.22 kB[22m[1m[22m[2m │ gzip:     3.02 kB[22m
2026-09-18T06:38:19.3240355Z [2m../templates/vue-dist/[22m[36massets/js/TmExcelPanel-NLvlqCJ2.js                                                     [39m[1m[2m     8.23 kB[22m[1m[22m[2m │ gzip:     3.22 kB[22m
2026-09-18T06:38:19.3241529Z [2m../templates/vue-dist/[22m[36massets/js/useMessengerEntries-D0fF2G_P.js                                              [39m[1m[2m     8.28 kB[22m[1m[22m[2m │ gzip:     3.35 kB[22m
2026-09-18T06:38:19.3242946Z [2m../templates/vue-dist/[22m[36massets/js/diagram-7IWD3JNH-BMZzreUr.js                                                 [39m[1m[2m     8.77 kB[22m[1m[22m[2m │ gzip:     3.89 kB[22m
2026-09-18T06:38:19.3244205Z [2m../templates/vue-dist/[22m[36massets/js/PrinterListView-evfQuUg2.js                                                  [39m[1m[2m     8.81 kB[22m[1m[22m[2m │ gzip:     3.28 kB[22m
2026-09-18T06:38:19.3245374Z [2m../templates/vue-dist/[22m[36massets/js/KittenFinanceView-DCtxvZbz.js                                                [39m[1m[2m     8.87 kB[22m[1m[22m[2m │ gzip:     3.77 kB[22m
2026-09-18T06:38:19.3246549Z [2m../templates/vue-dist/[22m[36massets/js/ModStoreLauncherIcon-DHOvEYZ4.js                                             [39m[1m[2m     9.38 kB[22m[1m[22m[2m │ gzip:     2.06 kB[22m
2026-09-18T06:38:19.3247717Z [2m../templates/vue-dist/[22m[36massets/js/dagre-VZM6K2ZE-D5UeHiST.js                                                   [39m[1m[2m     9.84 kB[22m[1m[22m[2m │ gzip:     3.79 kB[22m
2026-09-18T06:38:19.3248849Z [2m../templates/vue-dist/[22m[36massets/js/ToolsView-38Fh4ydP.js                                                        [39m[1m[2m    10.25 kB[22m[1m[22m[2m │ gzip:     3.95 kB[22m
2026-09-18T06:38:19.3250159Z [2m../templates/vue-dist/[22m[36massets/js/stateDiagram-OKZ733FA-DTFdVEHi.js                                            [39m[1m[2m    10.42 kB[22m[1m[22m[2m │ gzip:     3.65 kB[22m
2026-09-18T06:38:19.3251343Z [2m../templates/vue-dist/[22m[36massets/js/AiGroupChatView-2wXZIsnY.js                                                  [39m[1m[2m    10.51 kB[22m[1m[22m[2m │ gzip:     3.89 kB[22m
2026-09-18T06:38:19.3252516Z [2m../templates/vue-dist/[22m[36massets/js/SettingsMemoryV2Card-DmDNQWkm.js                                             [39m[1m[2m    10.58 kB[22m[1m[22m[2m │ gzip:     2.71 kB[22m
2026-09-18T06:38:19.3253662Z [2m../templates/vue-dist/[22m[36massets/js/graph-CWQ2nKLb.js                                                            [39m[1m[2m    10.70 kB[22m[1m[22m[2m │ gzip:     3.79 kB[22m
2026-09-18T06:38:19.3254819Z [2m../templates/vue-dist/[22m[36massets/js/cynefinDiagram-MW4NZA55-DHLBvPEO.js                                          [39m[1m[2m    10.73 kB[22m[1m[22m[2m │ gzip:     3.92 kB[22m
2026-09-18T06:38:19.3255998Z [2m../templates/vue-dist/[22m[36massets/js/ChatView-Cfez4LYR.js                                                         [39m[1m[2m    10.76 kB[22m[1m[22m[2m │ gzip:     4.53 kB[22m
2026-09-18T06:38:19.3257607Z [2m../templates/vue-dist/[22m[36massets/js/PrintView-DxjGBS9E.js                                                        [39m[1m[2m    11.36 kB[22m[1m[22m[2m │ gzip:     4.76 kB[22m
2026-09-18T06:38:19.3258806Z [2m../templates/vue-dist/[22m[36massets/js/diagram-B4RE2ZJO-BwgpCr6L.js                                                 [39m[1m[2m    11.73 kB[22m[1m[22m[2m │ gzip:     4.55 kB[22m
2026-09-18T06:38:19.3260026Z [2m../templates/vue-dist/[22m[36massets/js/EnterpriseCustomerServiceView-B7Nvk5eI.js                                    [39m[1m[2m    11.84 kB[22m[1m[22m[2m │ gzip:     4.52 kB[22m
2026-09-18T06:38:19.3261227Z [2m../templates/vue-dist/[22m[36massets/js/HomeView-DNfuXoqR.js                                                         [39m[1m[2m    12.18 kB[22m[1m[22m[2m │ gzip:     5.51 kB[22m
2026-09-18T06:38:19.3262366Z [2m../templates/vue-dist/[22m[36massets/js/ProductsView-B2cRGnr1.js                                                     [39m[1m[2m    13.21 kB[22m[1m[22m[2m │ gzip:     5.28 kB[22m
2026-09-18T06:38:19.3263908Z [2m../templates/vue-dist/[22m[36massets/js/ShipmentRecordsView-DRM2c-u1.js                                              [39m[1m[2m    13.23 kB[22m[1m[22m[2m │ gzip:     4.77 kB[22m
2026-09-18T06:38:19.3265075Z [2m../templates/vue-dist/[22m[36massets/js/InventoryView-GTKas1zS.js                                                    [39m[1m[2m    13.73 kB[22m[1m[22m[2m │ gzip:     4.60 kB[22m
2026-09-18T06:38:19.3266226Z [2m../templates/vue-dist/[22m[36massets/js/CustomersView-CF5AKSKM.js                                                    [39m[1m[2m    15.16 kB[22m[1m[22m[2m │ gzip:     5.43 kB[22m
2026-09-18T06:38:19.3267392Z [2m../templates/vue-dist/[22m[36massets/js/PurchaseView-BO5gpfSG.js                                                     [39m[1m[2m    15.16 kB[22m[1m[22m[2m │ gzip:     4.47 kB[22m
2026-09-18T06:38:19.3268557Z [2m../templates/vue-dist/[22m[36massets/js/CreateOrderView-dPZxNdNe.js                                                  [39m[1m[2m    15.97 kB[22m[1m[22m[2m │ gzip:     5.51 kB[22m
2026-09-18T06:38:19.3269725Z [2m../templates/vue-dist/[22m[36massets/js/chunk-6Q2QTUOP-BkqlYrrr.js                                                   [39m[1m[2m    16.71 kB[22m[1m[22m[2m │ gzip:     4.82 kB[22m
2026-09-18T06:38:19.3270912Z [2m../templates/vue-dist/[22m[36massets/js/DutyRosterWorkflowLoopView-CTHJKgzZ.js                                       [39m[1m[2m    16.79 kB[22m[1m[22m[2m │ gzip:     6.32 kB[22m
2026-09-18T06:38:19.3272230Z [2m../templates/vue-dist/[22m[36massets/js/diagram-Q27KOJAE-BQj_pJbs.js                                                 [39m[1m[2m    16.92 kB[22m[1m[22m[2m │ gzip:     6.09 kB[22m
2026-09-18T06:38:19.3273396Z [2m../templates/vue-dist/[22m[36massets/js/LabelEditorView-DE1cVcmD.js                                                  [39m[1m[2m    17.38 kB[22m[1m[22m[2m │ gzip:     6.74 kB[22m
2026-09-18T06:38:19.3274554Z [2m../templates/vue-dist/[22m[36massets/js/ProductsView-BnCaFs_C.js                                                     [39m[1m[2m    17.52 kB[22m[1m[22m[2m │ gzip:     6.83 kB[22m
2026-09-18T06:38:19.3275755Z [2m../templates/vue-dist/[22m[36massets/js/ishikawaDiagram-WSZJBQD7-BJHgP2zH.js                                         [39m[1m[2m    17.73 kB[22m[1m[22m[2m │ gzip:     6.75 kB[22m
2026-09-18T06:38:19.3276964Z [2m../templates/vue-dist/[22m[36massets/js/ModelPaymentView-BSj67CYd.js                                                 [39m[1m[2m    18.01 kB[22m[1m[22m[2m │ gzip:     7.52 kB[22m
2026-09-18T06:38:19.3278124Z [2m../templates/vue-dist/[22m[36massets/js/TpCreateModal-YSeuGlhf.js                                                    [39m[1m[2m    18.76 kB[22m[1m[22m[2m │ gzip:     6.54 kB[22m
2026-09-18T06:38:19.3279280Z [2m../templates/vue-dist/[22m[36massets/js/yuangonDutyRoster-BhEbsCV7.js                                                [39m[1m[2m    18.80 kB[22m[1m[22m[2m │ gzip:     7.89 kB[22m
2026-09-18T06:38:19.3281122Z [2m../templates/vue-dist/[22m[36massets/js/DataSourcesView-BkqNjqWb.js                                                  [39m[1m[2m    20.19 kB[22m[1m[22m[2m │ gzip:     6.00 kB[22m
2026-09-18T06:38:19.3282353Z [2m../templates/vue-dist/[22m[36massets/js/kanban-definition-27J2QSJJ-BGgmRKSB.js                                       [39m[1m[2m    21.04 kB[22m[1m[22m[2m │ gzip:     7.44 kB[22m
2026-09-18T06:38:19.3283898Z [2m../templates/vue-dist/[22m[36massets/js/TemplatePreviewView-DWjcuGlE.js                                              [39m[1m[2m    21.58 kB[22m[1m[22m[2m │ gzip:     8.34 kB[22m
2026-09-18T06:38:19.3285087Z [2m../templates/vue-dist/[22m[36massets/js/LoginView-CBWubMtB.js                                                        [39m[1m[2m    22.02 kB[22m[1m[22m[2m │ gzip:     7.84 kB[22m
2026-09-18T06:38:19.3286236Z [2m../templates/vue-dist/[22m[36massets/js/SettingsBasicCard-C8yOCBJ0.js                                                [39m[1m[2m    22.34 kB[22m[1m[22m[2m │ gzip:     6.64 kB[22m
2026-09-18T06:38:19.3287417Z [2m../templates/vue-dist/[22m[36massets/js/journeyDiagram-NVQOT4AX-B2KyFPTJ.js                                          [39m[1m[2m    23.62 kB[22m[1m[22m[2m │ gzip:     8.37 kB[22m
2026-09-18T06:38:19.3288623Z [2m../templates/vue-dist/[22m[36massets/js/sankeyDiagram-W5VNT64P-DeqEsxh4.js                                           [39m[1m[2m    23.72 kB[22m[1m[22m[2m │ gzip:     8.73 kB[22m
2026-09-18T06:38:19.3289842Z [2m../templates/vue-dist/[22m[36massets/js/mindmap-definition-FAOFIHXS-ClfPmvIE.js                                      [39m[1m[2m    23.74 kB[22m[1m[22m[2m │ gzip:     8.07 kB[22m
2026-09-18T06:38:19.3291079Z [2m../templates/vue-dist/[22m[36massets/js/ProductOnboardingView-BsMPe_Pc.js                                            [39m[1m[2m    24.15 kB[22m[1m[22m[2m │ gzip:     9.38 kB[22m
2026-09-18T06:38:19.3292284Z [2m../templates/vue-dist/[22m[36massets/js/PrivateModDeliveryPanel-fqjZqZYd.js                                          [39m[1m[2m    24.75 kB[22m[1m[22m[2m │ gzip:     8.38 kB[22m
2026-09-18T06:38:19.3293476Z [2m../templates/vue-dist/[22m[36massets/js/MaterialsView-DMxUpwuU.js                                                    [39m[1m[2m    24.94 kB[22m[1m[22m[2m │ gzip:     6.45 kB[22m
2026-09-18T06:38:19.3294628Z [2m../templates/vue-dist/[22m[36massets/js/BatchAnalyzeView-DZjBHZpK.js                                                 [39m[1m[2m    25.21 kB[22m[1m[22m[2m │ gzip:     9.52 kB[22m
2026-09-18T06:38:19.3295890Z [2m../templates/vue-dist/[22m[36massets/js/browser-0JQE-J1I.js                                                          [39m[1m[2m    25.52 kB[22m[1m[22m[2m │ gzip:     9.98 kB[22m
2026-09-18T06:38:19.3296999Z [2m../templates/vue-dist/[22m[36massets/js/ChatView-CfWtaLk5.js                                                         [39m[1m[2m    25.99 kB[22m[1m[22m[2m │ gzip:     9.13 kB[22m
2026-09-18T06:38:19.3298182Z [2m../templates/vue-dist/[22m[36massets/js/wardleyDiagram-T6FBY63Y-ZOxNaWX6.js                                          [39m[1m[2m    27.26 kB[22m[1m[22m[2m │ gzip:     7.46 kB[22m
2026-09-18T06:38:19.3299359Z [2m../templates/vue-dist/[22m[36massets/js/erDiagram-JOGREHBK-QcZ8aHRh.js                                               [39m[1m[2m    27.56 kB[22m[1m[22m[2m │ gzip:     9.61 kB[22m
2026-09-18T06:38:19.3300524Z [2m../templates/vue-dist/[22m[36massets/js/AIOpenPanel-3WY1APRJ.js                                                      [39m[1m[2m    28.61 kB[22m[1m[22m[2m │ gzip:    10.61 kB[22m
2026-09-18T06:38:19.3301705Z [2m../templates/vue-dist/[22m[36massets/js/useChatOfficeDocking-BTm37bat.js                                             [39m[1m[2m    28.97 kB[22m[1m[22m[2m │ gzip:     9.99 kB[22m
2026-09-18T06:38:19.3303219Z [2m../templates/vue-dist/[22m[36massets/js/ModStore-v0nJzLGF.js                                                         [39m[1m[2m    29.22 kB[22m[1m[22m[2m │ gzip:    10.34 kB[22m
2026-09-18T06:38:19.3304725Z [2m../templates/vue-dist/[22m[36massets/js/TraditionalModeView-Cam3k2fX.js                                              [39m[1m[2m    30.11 kB[22m[1m[22m[2m │ gzip:    11.11 kB[22m
2026-09-18T06:38:19.3305869Z [2m../templates/vue-dist/[22m[36massets/js/layout-Cq23Qqdr.js                                                           [39m[1m[2m    30.46 kB[22m[1m[22m[2m │ gzip:    10.98 kB[22m
2026-09-18T06:38:19.3307051Z [2m../templates/vue-dist/[22m[36massets/js/gitGraphDiagram-DS77QQ5N-D4-xmAkV.js                                         [39m[1m[2m    31.00 kB[22m[1m[22m[2m │ gzip:     9.27 kB[22m
2026-09-18T06:38:19.3308268Z [2m../templates/vue-dist/[22m[36massets/js/requirementDiagram-LRYGKXZP-NEZ0FoKJ.js                                      [39m[1m[2m    31.58 kB[22m[1m[22m[2m │ gzip:    10.00 kB[22m
2026-09-18T06:38:19.3309503Z [2m../templates/vue-dist/[22m[36massets/js/timeline-definition-Z64GVDOM-BSagPLgZ.js                                     [39m[1m[2m    31.61 kB[22m[1m[22m[2m │ gzip:    10.52 kB[22m
2026-09-18T06:38:19.3310704Z [2m../templates/vue-dist/[22m[36massets/js/vue-i18n.runtime-Br4HerNg.js                                                 [39m[1m[2m    32.86 kB[22m[1m[22m[2m │ gzip:    12.17 kB[22m
2026-09-18T06:38:19.3311850Z [2m../templates/vue-dist/[22m[36massets/js/modViews-C6NXcttC.js                                                         [39m[1m[2m    33.15 kB[22m[1m[22m[2m │ gzip:     7.40 kB[22m
2026-09-18T06:38:19.3313023Z [2m../templates/vue-dist/[22m[36massets/js/AttendanceWorkspaceView-B6gQjU4m.js                                          [39m[1m[2m    33.39 kB[22m[1m[22m[2m │ gzip:    11.43 kB[22m
2026-09-18T06:38:19.3314225Z [2m../templates/vue-dist/[22m[36massets/js/AdminEntitlementsView-qVQGkZDn.js                                            [39m[1m[2m    34.61 kB[22m[1m[22m[2m │ gzip:    11.27 kB[22m
2026-09-18T06:38:19.3315435Z [2m../templates/vue-dist/[22m[36massets/js/quadrantDiagram-CIZ2JOQS-CTEHORG1.js                                         [39m[1m[2m    34.99 kB[22m[1m[22m[2m │ gzip:    10.32 kB[22m
2026-09-18T06:38:19.3316620Z [2m../templates/vue-dist/[22m[36massets/js/chunk-5RXB4S5H-MKyga5bz.js                                                   [39m[1m[2m    39.05 kB[22m[1m[22m[2m │ gzip:    12.86 kB[22m
2026-09-18T06:38:19.3318648Z [2m../templates/vue-dist/[22m[36massets/js/pretext-C6Kibskv.js                                                          [39m[1m[2m    41.25 kB[22m[1m[22m[2m │ gzip:    14.35 kB[22m
2026-09-18T06:38:19.3320257Z [2m../templates/vue-dist/[22m[36massets/js/xychartDiagram-ELKLHX3M-CriB6BLO.js                                          [39m[1m[2m    42.36 kB[22m[1m[22m[2m │ gzip:    12.21 kB[22m
2026-09-18T06:38:19.3321517Z [2m../templates/vue-dist/[22m[36massets/js/vennDiagram-T6HMQDX7-T5k6sLbl.js                                             [39m[1m[2m    42.97 kB[22m[1m[22m[2m │ gzip:    16.05 kB[22m
2026-09-18T06:38:19.3322708Z [2m../templates/vue-dist/[22m[36massets/js/SettingsView-D-Q4hNY7.js                                                     [39m[1m[2m    48.62 kB[22m[1m[22m[2m │ gzip:    15.47 kB[22m
2026-09-18T06:38:19.3324071Z [2m../templates/vue-dist/[22m[36massets/js/chunk-GF5L2VYU-DUVDQi7g.js                                                   [39m[1m[2m    50.14 kB[22m[1m[22m[2m │ gzip:    16.14 kB[22m
2026-09-18T06:38:19.3325260Z [2m../templates/vue-dist/[22m[36massets/js/ImMessengerView-l0wBGSfY.js                                                  [39m[1m[2m    57.67 kB[22m[1m[22m[2m │ gzip:    19.25 kB[22m
2026-09-18T06:38:19.3326439Z [2m../templates/vue-dist/[22m[36massets/js/flowDiagram-UKHOOZJN-Dp7bPypc.js                                             [39m[1m[2m    62.40 kB[22m[1m[22m[2m │ gzip:    20.10 kB[22m
2026-09-18T06:38:19.3327872Z [2m../templates/vue-dist/[22m[36massets/js/ganttDiagram-PKOTCBZU-DSxV8qnw.js                                            [39m[1m[2m    69.89 kB[22m[1m[22m[2m │ gzip:    23.64 kB[22m
2026-09-18T06:38:19.3329077Z [2m../templates/vue-dist/[22m[36massets/js/c4Diagram-5PPSVZJV-CbpPf4eB.js                                               [39m[1m[2m    70.01 kB[22m[1m[22m[2m │ gzip:    19.66 kB[22m
2026-09-18T06:38:19.3330243Z [2m../templates/vue-dist/[22m[36massets/js/useChatViewHost-B2-den5j.js                                                  [39m[1m[2m    70.77 kB[22m[1m[22m[2m │ gzip:    23.70 kB[22m
2026-09-18T06:38:19.3331419Z [2m../templates/vue-dist/[22m[36massets/js/EtlCenterView-BYDd2vHs.js                                                    [39m[1m[2m    70.92 kB[22m[1m[22m[2m │ gzip:    21.94 kB[22m
2026-09-18T06:38:19.3332580Z [2m../templates/vue-dist/[22m[36massets/js/index-BVCGX5np.js                                                            [39m[1m[2m    71.13 kB[22m[1m[22m[2m │ gzip:    16.76 kB[22m
2026-09-18T06:38:19.3333732Z [2m../templates/vue-dist/[22m[36massets/js/blockDiagram-VBNYF7ZC-D0_zyd1h.js                                            [39m[1m[2m    76.95 kB[22m[1m[22m[2m │ gzip:    22.12 kB[22m
2026-09-18T06:38:19.3334923Z [2m../templates/vue-dist/[22m[36massets/js/cose-bilkent-JH36ORCC-DF8os9xv.js                                            [39m[1m[2m    82.59 kB[22m[1m[22m[2m │ gzip:    22.82 kB[22m
2026-09-18T06:38:19.3336144Z [2m../templates/vue-dist/[22m[36massets/js/PersyKnowledgeView-CKKgeMUC.js                                               [39m[1m[2m   102.46 kB[22m[1m[22m[2m │ gzip:    34.99 kB[22m
2026-09-18T06:38:19.3337370Z [2m../templates/vue-dist/[22m[36massets/js/InternalCustomerServiceView-C-Xbp7Be.js                                      [39m[1m[2m   104.08 kB[22m[1m[22m[2m │ gzip:    30.09 kB[22m
2026-09-18T06:38:19.3338814Z [2m../templates/vue-dist/[22m[36massets/js/sequenceDiagram-SI44F4Z6-jEUxh-2G.js                                         [39m[1m[2m   118.92 kB[22m[1m[22m[2m │ gzip:    31.77 kB[22m
2026-09-18T06:38:19.3340021Z [2m../templates/vue-dist/[22m[36massets/js/EmployeeWorkspaceView-CL4lp_Ag.js                                            [39m[1m[2m   126.04 kB[22m[1m[22m[2m │ gzip:    38.56 kB[22m
2026-09-18T06:38:19.3341216Z [2m../templates/vue-dist/[22m[36massets/js/swimlanes-SLNWSIFB-DR1rX9J9.js                                               [39m[1m[2m   127.38 kB[22m[1m[22m[2m │ gzip:    46.90 kB[22m
2026-09-18T06:38:19.3342555Z [2m../templates/vue-dist/[22m[36massets/js/architectureDiagram-T3A2C74G-B0UgDjP_.js                                     [39m[1m[2m   152.99 kB[22m[1m[22m[2m │ gzip:    43.59 kB[22m
2026-09-18T06:38:19.3343932Z [2m../templates/vue-dist/[22m[36massets/js/KittenAnalyzerView-Bqgzp5HZ.js                                               [39m[1m[2m   157.35 kB[22m[1m[22m[2m │ gzip:    56.49 kB[22m
2026-09-18T06:38:19.3345136Z [2m../templates/vue-dist/[22m[36massets/js/YuangongStitchFullView-B61Gf-Q0.js                                           [39m[1m[2m   244.76 kB[22m[1m[22m[2m │ gzip:    81.21 kB[22m
2026-09-18T06:38:19.3346299Z [2m../templates/vue-dist/[22m[36massets/js/katex-B6Uv-eI8.js                                                            [39m[1m[2m   261.40 kB[22m[1m[22m[2m │ gzip:    77.59 kB[22m
2026-09-18T06:38:19.3347441Z [2m../templates/vue-dist/[22m[36massets/js/cytoscape.esm-CGoOeyoB.js                                                    [39m[1m[2m   443.90 kB[22m[1m[22m[2m │ gzip:   142.37 kB[22m
2026-09-18T06:38:19.3348619Z [2m../templates/vue-dist/[22m[36massets/js/installCanvasRenderer-Fu6PhGia.js                                            [39m[1m[2m   454.97 kB[22m[1m[22m[2m │ gzip:   155.37 kB[22m
2026-09-18T06:38:19.3349887Z [2m../templates/vue-dist/[22m[36massets/js/xlsx-62HZZ21n.js                                                             [39m[1m[33m   500.79 kB[39m[22m[2m │ gzip:   163.16 kB[22m
2026-09-18T06:38:19.3351024Z [2m../templates/vue-dist/[22m[36massets/js/mermaid.core-BVsIxvxs.js                                                     [39m[1m[33m   609.61 kB[39m[22m[2m │ gzip:   141.03 kB[22m
2026-09-18T06:38:19.3352183Z [2m../templates/vue-dist/[22m[36massets/js/cynefin-VYW2F7L2-3D2WRkHk.js                                                 [39m[1m[33m   694.75 kB[39m[22m[2m │ gzip:   155.79 kB[22m
2026-09-18T06:38:19.3353342Z [2m../templates/vue-dist/[22m[36massets/js/transformers.web-BDN6hLKq.js                                                 [39m[1m[33m   925.21 kB[39m[22m[2m │ gzip:   239.18 kB[22m
2026-09-18T06:38:19.3354479Z [2m../templates/vue-dist/[22m[36massets/js/index-CxrcVpT4.js                                                            [39m[1m[33m   989.94 kB[39m[22m[2m │ gzip:   322.50 kB[22m
2026-09-18T06:38:19.3355138Z [32m✓ built in 39.72s[39m
2026-09-18T06:38:19.5625327Z [ok] vue-dist gate: index.html present, assets/js count=259
2026-09-18T06:38:21.2580231Z Requirement already satisfied: pip in C:\hostedtoolcache\windows\Python\3.11.9\x64\Lib\site-packages (26.2.1)
2026-09-18T06:38:22.8799402Z Obtaining file:///D:/a/XCMAX/XCMAX/FHD
2026-09-18T06:38:22.8845634Z   Installing build dependencies: started
2026-09-18T06:38:25.1839399Z   Installing build dependencies: finished with status 'done'
2026-09-18T06:38:25.1854328Z   Checking if build backend supports build_editable: started
2026-09-18T06:38:25.6287275Z   Checking if build backend supports build_editable: finished with status 'done'
2026-09-18T06:38:25.6310805Z   Getting requirements to build editable: started
2026-09-18T06:38:26.3131416Z   Getting requirements to build editable: finished with status 'done'
2026-09-18T06:38:26.3158914Z   Preparing editable metadata (pyproject.toml): started
2026-09-18T06:38:26.7906751Z   Preparing editable metadata (pyproject.toml): finished with status 'done'
2026-09-18T06:38:27.1477781Z Collecting langgraph==1.2.10 (from xcagi==1.0.0.5)
2026-09-18T06:38:27.3721962Z   Downloading langgraph-1.2.10-py3-none-any.whl.metadata (4.9 kB)
2026-09-18T06:38:27.4252864Z Collecting langgraph-checkpoint==4.1.1 (from xcagi==1.0.0.5)
2026-09-18T06:38:27.4426606Z   Downloading langgraph_checkpoint-4.1.1-py3-none-any.whl.metadata (5.2 kB)
2026-09-18T06:38:27.4972384Z Collecting langgraph-checkpoint-sqlite==3.1.1 (from xcagi==1.0.0.5)
2026-09-18T06:38:27.5148216Z   Downloading langgraph_checkpoint_sqlite-3.1.1-py3-none-any.whl.metadata (5.1 kB)
2026-09-18T06:38:27.5716020Z Collecting langgraph-checkpoint-postgres==3.1.1 (from xcagi==1.0.0.5)
2026-09-18T06:38:27.5904565Z   Downloading langgraph_checkpoint_postgres-3.1.1-py3-none-any.whl.metadata (7.0 kB)
2026-09-18T06:38:27.6583882Z Collecting langgraph-prebuilt==1.1.0 (from xcagi==1.0.0.5)
2026-09-18T06:38:27.6754822Z   Downloading langgraph_prebuilt-1.1.0-py3-none-any.whl.metadata (5.2 kB)
2026-09-18T06:38:27.7304682Z Collecting langgraph-sdk==0.4.2 (from xcagi==1.0.0.5)
2026-09-18T06:38:27.7486477Z   Downloading langgraph_sdk-0.4.2-py3-none-any.whl.metadata (3.6 kB)
2026-09-18T06:38:27.8330770Z Collecting fastapi>=0.136.1 (from xcagi==1.0.0.5)
2026-09-18T06:38:27.8504075Z   Downloading fastapi-0.141.1-py3-none-any.whl.metadata (27 kB)
2026-09-18T06:38:27.9264406Z Collecting uvicorn>=0.27.0 (from uvicorn[standard]>=0.27.0; extra == "server-api"->xcagi==1.0.0.5)
2026-09-18T06:38:27.9440706Z   Downloading uvicorn-0.53.0-py3-none-any.whl.metadata (6.6 kB)
2026-09-18T06:38:28.0038457Z Collecting starlette>=1.3.1 (from xcagi==1.0.0.5)
2026-09-18T06:38:28.0211891Z   Downloading starlette-1.6.0-py3-none-any.whl.metadata (6.4 kB)
2026-09-18T06:38:28.0674924Z Collecting python-multipart>=0.0.31 (from xcagi==1.0.0.5)
2026-09-18T06:38:28.0846603Z   Downloading python_multipart-0.0.32-py3-none-any.whl.metadata (2.1 kB)
2026-09-18T06:38:28.1325580Z Collecting aiofiles>=23.2.1 (from xcagi==1.0.0.5)
2026-09-18T06:38:28.1496626Z   Downloading aiofiles-25.1.0-py3-none-any.whl.metadata (6.3 kB)
2026-09-18T06:38:28.2092938Z Collecting Celery==5.3.4 (from xcagi==1.0.0.5)
2026-09-18T06:38:28.2262325Z   Downloading celery-5.3.4-py3-none-any.whl.metadata (21 kB)
2026-09-18T06:38:28.2889925Z Collecting APScheduler<4,>=3.10 (from xcagi==1.0.0.5)
2026-09-18T06:38:28.3090365Z   Downloading apscheduler-3.11.3-py3-none-any.whl.metadata (6.5 kB)
2026-09-18T06:38:28.3687772Z Collecting redis==5.0.1 (from xcagi==1.0.0.5)
2026-09-18T06:38:28.3861911Z   Downloading redis-5.0.1-py3-none-any.whl.metadata (8.9 kB)
2026-09-18T06:38:28.4372688Z Collecting openpyxl==3.1.5 (from xcagi==1.0.0.5)
2026-09-18T06:38:28.4544607Z   Downloading openpyxl-3.1.5-py2.py3-none-any.whl.metadata (2.5 kB)
2026-09-18T06:38:28.5015675Z Collecting python-docx>=1.1.0 (from xcagi==1.0.0.5)
2026-09-18T06:38:28.5187845Z   Downloading python_docx-1.2.0-py3-none-any.whl.metadata (2.0 kB)
2026-09-18T06:38:28.5670836Z Collecting python-pptx>=1.0.2 (from xcagi==1.0.0.5)
2026-09-18T06:38:28.5844431Z   Downloading python_pptx-1.0.2-py3-none-any.whl.metadata (2.5 kB)
2026-09-18T06:38:28.6478300Z Collecting pdfplumber>=0.11.0 (from xcagi==1.0.0.5)
2026-09-18T06:38:28.6657116Z   Downloading pdfplumber-0.11.10-py3-none-any.whl.metadata (43 kB)
2026-09-18T06:38:28.7340267Z Collecting pypdf<7,>=6.15 (from xcagi==1.0.0.5)
2026-09-18T06:38:28.7519335Z   Downloading pypdf-6.19.0-py3-none-any.whl.metadata (7.5 kB)
2026-09-18T06:38:28.9006286Z Collecting reportlab<6,>=5 (from xcagi==1.0.0.5)
2026-09-18T06:38:28.9181695Z   Downloading reportlab-5.0.1-py3-none-any.whl.metadata (1.6 kB)
2026-09-18T06:38:29.1361624Z Collecting Pillow>=12.3.0 (from xcagi==1.0.0.5)
2026-09-18T06:38:29.1544389Z   Downloading pillow-12.3.0-cp311-cp311-win_amd64.whl.metadata (9.3 kB)
2026-09-18T06:38:29.2095297Z Collecting gunicorn>=22.0.0 (from xcagi==1.0.0.5)
2026-09-18T06:38:29.2272321Z   Downloading gunicorn-26.2.0-py3-none-any.whl.metadata (5.5 kB)
2026-09-18T06:38:29.3690718Z Collecting gevent>=25.4.2 (from xcagi==1.0.0.5)
2026-09-18T06:38:29.3873237Z   Downloading gevent-26.9.0-cp311-cp311-win_amd64.whl.metadata (14 kB)
2026-09-18T06:38:29.4395673Z Collecting python-dotenv>=1.2.2 (from xcagi==1.0.0.5)
2026-09-18T06:38:29.4568410Z   Downloading python_dotenv-1.2.3-py3-none-any.whl.metadata (29 kB)
2026-09-18T06:38:29.5109907Z Collecting httpx==0.26.0 (from xcagi==1.0.0.5)
2026-09-18T06:38:29.5288876Z   Downloading httpx-0.26.0-py3-none-any.whl.metadata (7.6 kB)
2026-09-18T06:38:29.5733706Z Collecting socksio>=1.0.0 (from xcagi==1.0.0.5)
2026-09-18T06:38:29.5907809Z   Downloading socksio-1.0.0-py3-none-any.whl.metadata (6.1 kB)
2026-09-18T06:38:29.6464878Z Collecting requests>=2.33.0 (from xcagi==1.0.0.5)
2026-09-18T06:38:29.6640772Z   Downloading requests-2.34.2-py3-none-any.whl.metadata (4.8 kB)
2026-09-18T06:38:29.7117626Z Collecting python-alipay-sdk>=3.3.0 (from xcagi==1.0.0.5)
2026-09-18T06:38:29.7305092Z   Downloading python_alipay_sdk-3.4.0.tar.gz (13 kB)
2026-09-18T06:38:29.7719202Z   Installing build dependencies: started
2026-09-18T06:38:31.2901998Z   Installing build dependencies: finished with status 'done'
2026-09-18T06:38:31.2916494Z   Getting requirements to build wheel: started
2026-09-18T06:38:31.9581100Z   Getting requirements to build wheel: finished with status 'done'
2026-09-18T06:38:31.9608576Z   Preparing metadata (pyproject.toml): started
2026-09-18T06:38:32.2461399Z   Preparing metadata (pyproject.toml): finished with status 'done'
2026-09-18T06:38:32.2859479Z Collecting edge-tts>=6.1.10 (from xcagi==1.0.0.5)
2026-09-18T06:38:32.3035225Z   Downloading edge_tts-7.2.8-py3-none-any.whl.metadata (5.5 kB)
2026-09-18T06:38:32.3532324Z Collecting faster-whisper>=1.0.0 (from xcagi==1.0.0.5)
2026-09-18T06:38:32.3720301Z   Downloading faster_whisper-1.2.1-py3-none-any.whl.metadata (16 kB)
2026-09-18T06:38:32.4575726Z Collecting av<18,>=17.1 (from xcagi==1.0.0.5)
2026-09-18T06:38:32.4757429Z   Downloading av-17.1.0-cp311-abi3-win_amd64.whl.metadata (4.7 kB)
2026-09-18T06:38:32.5243913Z Collecting imageio-ffmpeg>=0.4.0 (from xcagi==1.0.0.5)
2026-09-18T06:38:32.5426779Z   Downloading imageio_ffmpeg-0.6.0-py3-none-win_amd64.whl.metadata (1.5 kB)
2026-09-18T06:38:32.9145374Z Collecting SQLAlchemy>=2.0.0 (from xcagi==1.0.0.5)
2026-09-18T06:38:32.9329906Z   Downloading sqlalchemy-2.0.54-cp311-cp311-win_amd64.whl.metadata (9.9 kB)
2026-09-18T06:38:32.9948991Z Collecting alembic>=1.13.0 (from xcagi==1.0.0.5)
2026-09-18T06:38:33.0122835Z   Downloading alembic-1.20.0-py3-none-any.whl.metadata (7.3 kB)
2026-09-18T06:38:33.0636677Z Collecting psycopg>=3.1.18 (from psycopg[binary]>=3.1.18; extra == "server-api"->xcagi==1.0.0.5)
2026-09-18T06:38:33.0813030Z   Downloading psycopg-3.3.5-py3-none-any.whl.metadata (4.3 kB)
2026-09-18T06:38:33.1325891Z Collecting pgvector>=0.2.5 (from xcagi==1.0.0.5)
2026-09-18T06:38:33.1505175Z   Downloading pgvector-0.5.0-py3-none-any.whl.metadata (19 kB)
2026-09-18T06:38:33.2992939Z Collecting pandas>=2.0.0 (from xcagi==1.0.0.5)
2026-09-18T06:38:33.3186846Z   Downloading pandas-3.0.6-cp311-cp311-win_amd64.whl.metadata (19 kB)
2026-09-18T06:38:33.5563527Z Collecting numpy>=1.24.0 (from xcagi==1.0.0.5)
2026-09-18T06:38:33.5739202Z   Downloading numpy-2.4.6-cp311-cp311-win_amd64.whl.metadata (6.6 kB)
2026-09-18T06:38:33.6224505Z Collecting xlrd>=2.0.1 (from xcagi==1.0.0.5)
2026-09-18T06:38:33.6395336Z   Downloading xlrd-2.0.2-py2.py3-none-any.whl.metadata (3.5 kB)
2026-09-18T06:38:33.8024032Z Collecting scikit-learn>=1.3.0 (from xcagi==1.0.0.5)
2026-09-18T06:38:33.8208411Z   Downloading scikit_learn-1.9.1-cp311-cp311-win_amd64.whl.metadata (9.3 kB)
2026-09-18T06:38:33.9089044Z Collecting openai>=1.40.0 (from xcagi==1.0.0.5)
2026-09-18T06:38:33.9268405Z   Downloading openai-3.15.0-py3-none-any.whl.metadata (43 kB)
2026-09-18T06:38:33.9839301Z Collecting tenacity>=8.2.0 (from xcagi==1.0.0.5)
2026-09-18T06:38:34.0024249Z   Downloading tenacity-9.1.4-py3-none-any.whl.metadata (1.2 kB)
2026-09-18T06:38:34.0559921Z Collecting prometheus_client>=0.19.0 (from xcagi==1.0.0.5)
2026-09-18T06:38:34.0730710Z   Downloading prometheus_client-0.26.0-py3-none-any.whl.metadata (2.1 kB)
2026-09-18T06:38:34.1757881Z Collecting psutil>=5.9.0 (from xcagi==1.0.0.5)
2026-09-18T06:38:34.1936835Z   Downloading psutil-7.2.2-cp37-abi3-win_amd64.whl.metadata (22 kB)
2026-09-18T06:38:34.3777009Z Collecting protobuf>=4.25.0 (from xcagi==1.0.0.5)
2026-09-18T06:38:34.3950079Z   Downloading protobuf-7.36.2-cp310-abi3-win_amd64.whl.metadata (595 bytes)
2026-09-18T06:38:34.5633953Z Collecting pydantic>=2.0.0 (from xcagi==1.0.0.5)
2026-09-18T06:38:34.5814533Z   Downloading pydantic-2.13.5-py3-none-any.whl.metadata (110 kB)
2026-09-18T06:38:34.6526688Z Collecting pydantic-settings>=2.11.0 (from xcagi==1.0.0.5)
2026-09-18T06:38:34.6700488Z   Downloading pydantic_settings-2.15.0-py3-none-any.whl.metadata (3.9 kB)
2026-09-18T06:38:34.7212227Z Collecting email-validator>=2.0.0 (from xcagi==1.0.0.5)
2026-09-18T06:38:34.7382720Z   Downloading email_validator-2.3.0-py3-none-any.whl.metadata (26 kB)
2026-09-18T06:38:34.7859201Z Collecting passlib>=1.7.4 (from passlib[bcrypt]>=1.7.4; extra == "server-api"->xcagi==1.0.0.5)
2026-09-18T06:38:34.8031904Z   Downloading passlib-1.7.4-py2.py3-none-any.whl.metadata (1.7 kB)
2026-09-18T06:38:34.8537530Z Collecting PyJWT>=2.8.0 (from xcagi==1.0.0.5)
2026-09-18T06:38:34.8713805Z   Downloading pyjwt-2.14.0-py3-none-any.whl.metadata (3.4 kB)
2026-09-18T06:38:34.9439826Z Collecting PyYAML>=6.0.2 (from xcagi==1.0.0.5)
2026-09-18T06:38:34.9616315Z   Downloading pyyaml-6.0.3-cp311-cp311-win_amd64.whl.metadata (2.4 kB)
2026-09-18T06:38:35.0152053Z Collecting opentelemetry-api>=1.24.0 (from xcagi==1.0.0.5)
2026-09-18T06:38:35.0325904Z   Downloading opentelemetry_api-1.44.0-py3-none-any.whl.metadata (1.4 kB)
2026-09-18T06:38:35.0844963Z Collecting opentelemetry-sdk>=1.24.0 (from xcagi==1.0.0.5)
2026-09-18T06:38:35.1020236Z   Downloading opentelemetry_sdk-1.44.0-py3-none-any.whl.metadata (1.6 kB)
2026-09-18T06:38:35.1590734Z Collecting opentelemetry-exporter-otlp>=1.24.0 (from xcagi==1.0.0.5)
2026-09-18T06:38:35.1762510Z   Downloading opentelemetry_exporter_otlp-1.44.0-py3-none-any.whl.metadata (2.4 kB)
2026-09-18T06:38:35.2310295Z Collecting billiard<5.0,>=4.1.0 (from Celery==5.3.4->xcagi==1.0.0.5)
2026-09-18T06:38:35.2483286Z   Downloading billiard-4.3.0-py3-none-any.whl.metadata (5.0 kB)
2026-09-18T06:38:35.3084337Z Collecting kombu<6.0,>=5.3.2 (from Celery==5.3.4->xcagi==1.0.0.5)
2026-09-18T06:38:35.3260473Z   Downloading kombu-5.6.2-py3-none-any.whl.metadata (3.5 kB)
2026-09-18T06:38:35.3760525Z Collecting vine<6.0,>=5.0.0 (from Celery==5.3.4->xcagi==1.0.0.5)
2026-09-18T06:38:35.3932970Z   Downloading vine-5.1.0-py3-none-any.whl.metadata (2.7 kB)
2026-09-18T06:38:35.4455717Z Collecting click<9.0,>=8.1.2 (from Celery==5.3.4->xcagi==1.0.0.5)
2026-09-18T06:38:35.4627918Z   Downloading click-8.5.0-py3-none-any.whl.metadata (2.6 kB)
2026-09-18T06:38:35.5114097Z Collecting click-didyoumean>=0.3.0 (from Celery==5.3.4->xcagi==1.0.0.5)
2026-09-18T06:38:35.5285993Z   Downloading click_didyoumean-0.3.1-py3-none-any.whl.metadata (3.9 kB)
2026-09-18T06:38:35.5776626Z Collecting click-repl>=0.2.0 (from Celery==5.3.4->xcagi==1.0.0.5)
2026-09-18T06:38:35.5946580Z   Downloading click_repl-0.4.0-py3-none-any.whl.metadata (3.7 kB)
2026-09-18T06:38:35.6562466Z Collecting click-plugins>=1.1.1 (from Celery==5.3.4->xcagi==1.0.0.5)
2026-09-18T06:38:35.6735404Z   Downloading click_plugins-1.1.1.2-py2.py3-none-any.whl.metadata (6.5 kB)
2026-09-18T06:38:35.7197915Z Collecting tzdata>=2022.7 (from Celery==5.3.4->xcagi==1.0.0.5)
2026-09-18T06:38:35.7382205Z   Downloading tzdata-2026.4-py2.py3-none-any.whl.metadata (1.4 kB)
2026-09-18T06:38:35.7856826Z Collecting python-dateutil>=2.8.2 (from Celery==5.3.4->xcagi==1.0.0.5)
2026-09-18T06:38:35.8027340Z   Downloading python_dateutil-2.9.0.post0-py2.py3-none-any.whl.metadata (8.4 kB)
2026-09-18T06:38:35.8543496Z Collecting anyio (from httpx==0.26.0->xcagi==1.0.0.5)
2026-09-18T06:38:35.8721071Z   Downloading anyio-4.15.1-py3-none-any.whl.metadata (4.7 kB)
2026-09-18T06:38:35.9267800Z Collecting certifi (from httpx==0.26.0->xcagi==1.0.0.5)
2026-09-18T06:38:35.9441591Z   Downloading certifi-2026.7.22-py3-none-any.whl.metadata (2.5 kB)
2026-09-18T06:38:35.9943182Z Collecting httpcore==1.* (from httpx==0.26.0->xcagi==1.0.0.5)
2026-09-18T06:38:36.0114522Z   Downloading httpcore-1.0.9-py3-none-any.whl.metadata (21 kB)
2026-09-18T06:38:36.0614843Z Collecting idna (from httpx==0.26.0->xcagi==1.0.0.5)
2026-09-18T06:38:36.0785873Z   Downloading idna-3.20-py3-none-any.whl.metadata (7.2 kB)
2026-09-18T06:38:36.1230490Z Collecting sniffio (from httpx==0.26.0->xcagi==1.0.0.5)
2026-09-18T06:38:36.1400807Z   Downloading sniffio-1.3.1-py3-none-any.whl.metadata (3.9 kB)
2026-09-18T06:38:36.2144429Z Collecting langchain-core<2,>=1.4.7 (from langgraph==1.2.10->xcagi==1.0.0.5)
2026-09-18T06:38:36.2321838Z   Downloading langchain_core-1.6.3-py3-none-any.whl.metadata (4.8 kB)
2026-09-18T06:38:36.4060156Z Collecting xxhash>=3.5.0 (from langgraph==1.2.10->xcagi==1.0.0.5)
2026-09-18T06:38:36.4242134Z   Downloading xxhash-4.0.1-cp311-cp311-win_amd64.whl.metadata (18 kB)
2026-09-18T06:38:36.5129498Z Collecting ormsgpack>=1.12.0 (from langgraph-checkpoint==4.1.1->xcagi==1.0.0.5)
2026-09-18T06:38:36.5306013Z   Downloading ormsgpack-1.12.2-cp311-cp311-win_amd64.whl.metadata (3.3 kB)
2026-09-18T06:38:36.5828834Z Collecting langchain-protocol>=0.0.15 (from langgraph-sdk==0.4.2->xcagi==1.0.0.5)
2026-09-18T06:38:36.6004827Z   Downloading langchain_protocol-0.0.19-py3-none-any.whl.metadata (2.4 kB)
2026-09-18T06:38:36.9054910Z Collecting orjson>=3.11.5 (from langgraph-sdk==0.4.2->xcagi==1.0.0.5)
2026-09-18T06:38:36.9241647Z   Downloading orjson-3.12.0-cp311-cp311-win_amd64.whl.metadata (43 kB)
2026-09-18T06:38:37.0704739Z Collecting websockets<16,>=14 (from langgraph-sdk==0.4.2->xcagi==1.0.0.5)
2026-09-18T06:38:37.0915739Z   Downloading websockets-15.0.1-cp311-cp311-win_amd64.whl.metadata (7.0 kB)
2026-09-18T06:38:37.1411721Z Collecting psycopg-pool>=3.2.0 (from langgraph-checkpoint-postgres==3.1.1->xcagi==1.0.0.5)
2026-09-18T06:38:37.1586853Z   Downloading psycopg_pool-3.3.1-py3-none-any.whl.metadata (2.8 kB)
2026-09-18T06:38:37.2105529Z Collecting aiosqlite>=0.20 (from langgraph-checkpoint-sqlite==3.1.1->xcagi==1.0.0.5)
2026-09-18T06:38:37.2277745Z   Downloading aiosqlite-0.22.1-py3-none-any.whl.metadata (4.3 kB)
2026-09-18T06:38:37.2876663Z Collecting sqlite-vec>=0.1.6 (from langgraph-checkpoint-sqlite==3.1.1->xcagi==1.0.0.5)
2026-09-18T06:38:37.3059003Z   Downloading sqlite_vec-0.1.9-py3-none-win_amd64.whl.metadata (198 bytes)
2026-09-18T06:38:37.3478369Z Collecting et-xmlfile (from openpyxl==3.1.5->xcagi==1.0.0.5)
2026-09-18T06:38:37.3647585Z   Downloading et_xmlfile-2.0.0-py3-none-any.whl.metadata (2.7 kB)
2026-09-18T06:38:37.4146821Z Collecting tzlocal>=3.0 (from APScheduler<4,>=3.10->xcagi==1.0.0.5)
2026-09-18T06:38:37.4319109Z   Downloading tzlocal-5.4.4-py3-none-any.whl.metadata (7.7 kB)
2026-09-18T06:38:37.4886295Z Collecting h11>=0.16 (from httpcore==1.*->httpx==0.26.0->xcagi==1.0.0.5)
2026-09-18T06:38:37.5063121Z   Downloading h11-0.16.0-py3-none-any.whl.metadata (8.3 kB)
2026-09-18T06:38:37.5604363Z Collecting amqp<6.0.0,>=5.1.1 (from kombu<6.0,>=5.3.2->Celery==5.3.4->xcagi==1.0.0.5)
2026-09-18T06:38:37.5776588Z   Downloading amqp-5.3.1-py3-none-any.whl.metadata (8.9 kB)
2026-09-18T06:38:37.6282135Z Collecting packaging (from kombu<6.0,>=5.3.2->Celery==5.3.4->xcagi==1.0.0.5)
2026-09-18T06:38:37.6452597Z   Downloading packaging-26.3-py3-none-any.whl.metadata (3.5 kB)
2026-09-18T06:38:37.6938820Z Collecting jsonpatch<2.0.0,>=1.33.0 (from langchain-core<2,>=1.4.7->langgraph==1.2.10->xcagi==1.0.0.5)
2026-09-18T06:38:37.7108812Z   Downloading jsonpatch-1.33-py2.py3-none-any.whl.metadata (3.0 kB)
2026-09-18T06:38:37.8038829Z Collecting langsmith<1.0.0,>=0.3.45 (from langchain-core<2,>=1.4.7->langgraph==1.2.10->xcagi==1.0.0.5)
2026-09-18T06:38:37.8212838Z   Downloading langsmith-0.12.6-py3-none-any.whl.metadata (22 kB)
2026-09-18T06:38:37.8814478Z Collecting typing-extensions<5.0.0,>=4.7.0 (from langchain-core<2,>=1.4.7->langgraph==1.2.10->xcagi==1.0.0.5)
2026-09-18T06:38:37.8985121Z   Downloading typing_extensions-4.16.0-py3-none-any.whl.metadata (3.3 kB)
2026-09-18T06:38:38.0826510Z Collecting uuid-utils<1.0,>=0.12.0 (from langchain-core<2,>=1.4.7->langgraph==1.2.10->xcagi==1.0.0.5)
2026-09-18T06:38:38.1012877Z   Downloading uuid_utils-0.17.1-cp311-cp311-win_amd64.whl.metadata (6.5 kB)
2026-09-18T06:38:38.1487770Z Collecting jsonpointer>=1.9 (from jsonpatch<2.0.0,>=1.33.0->langchain-core<2,>=1.4.7->langgraph==1.2.10->xcagi==1.0.0.5)
2026-09-18T06:38:38.1657342Z   Downloading jsonpointer-3.1.1-py3-none-any.whl.metadata (2.4 kB)
2026-09-18T06:38:38.2128456Z Collecting distro>=1.7.0 (from langsmith<1.0.0,>=0.3.45->langchain-core<2,>=1.4.7->langgraph==1.2.10->xcagi==1.0.0.5)
2026-09-18T06:38:38.2301342Z   Downloading distro-1.9.0-py3-none-any.whl.metadata (6.8 kB)
2026-09-18T06:38:38.2783682Z Collecting httpx2<3,>=2 (from langsmith<1.0.0,>=0.3.45->langchain-core<2,>=1.4.7->langgraph==1.2.10->xcagi==1.0.0.5)
2026-09-18T06:38:38.2955025Z   Downloading httpx2-2.13.0-py3-none-any.whl.metadata (10 kB)
2026-09-18T06:38:38.3431507Z Collecting requests-toolbelt>=1.0.0 (from langsmith<1.0.0,>=0.3.45->langchain-core<2,>=1.4.7->langgraph==1.2.10->xcagi==1.0.0.5)
2026-09-18T06:38:38.3607275Z   Downloading requests_toolbelt-1.0.0-py2.py3-none-any.whl.metadata (14 kB)
2026-09-18T06:38:38.4885918Z Collecting zstandard>=0.23.0 (from langsmith<1.0.0,>=0.3.45->langchain-core<2,>=1.4.7->langgraph==1.2.10->xcagi==1.0.0.5)
2026-09-18T06:38:38.5065518Z   Downloading zstandard-0.25.0-cp311-cp311-win_amd64.whl.metadata (3.3 kB)
2026-09-18T06:38:38.5551743Z Collecting httpcore2==2.13.0 (from httpx2<3,>=2->langsmith<1.0.0,>=0.3.45->langchain-core<2,>=1.4.7->langgraph==1.2.10->xcagi==1.0.0.5)
2026-09-18T06:38:38.5729279Z   Downloading httpcore2-2.13.0-py3-none-any.whl.metadata (26 kB)
2026-09-18T06:38:38.6291496Z Collecting truststore>=0.10 (from httpx2<3,>=2->langsmith<1.0.0,>=0.3.45->langchain-core<2,>=1.4.7->langgraph==1.2.10->xcagi==1.0.0.5)
2026-09-18T06:38:38.6464137Z   Downloading truststore-0.10.4-py3-none-any.whl.metadata (4.4 kB)
2026-09-18T06:38:38.6975114Z Collecting annotated-types>=0.6.0 (from pydantic>=2.0.0->xcagi==1.0.0.5)
2026-09-18T06:38:38.7146773Z   Downloading annotated_types-0.8.0-py3-none-any.whl.metadata (15 kB)
2026-09-18T06:38:39.4580259Z Collecting pydantic-core==2.46.5 (from pydantic>=2.0.0->xcagi==1.0.0.5)
2026-09-18T06:38:39.4758784Z   Downloading pydantic_core-2.46.5-cp311-cp311-win_amd64.whl.metadata (6.7 kB)
2026-09-18T06:38:39.5228927Z Collecting typing-inspection>=0.4.2 (from pydantic>=2.0.0->xcagi==1.0.0.5)
2026-09-18T06:38:39.5405456Z   Downloading typing_inspection-0.4.4-py3-none-any.whl.metadata (2.6 kB)
2026-09-18T06:38:39.6943598Z Collecting charset-normalizer (from reportlab<6,>=5->xcagi==1.0.0.5)
2026-09-18T06:38:39.7123507Z   Downloading charset_normalizer-3.5.1-cp311-cp311-win_amd64.whl.metadata (46 kB)
2026-09-18T06:38:39.8016220Z Collecting Mako (from alembic>=1.13.0->xcagi==1.0.0.5)
2026-09-18T06:38:39.8185924Z   Downloading mako-1.4.1-py3-none-any.whl.metadata (2.9 kB)
2026-09-18T06:38:39.9139997Z Collecting prompt_toolkit>=3.0.36 (from click-repl>=0.2.0->Celery==5.3.4->xcagi==1.0.0.5)
2026-09-18T06:38:39.9316187Z   Downloading prompt_toolkit-3.0.53-py3-none-any.whl.metadata (6.4 kB)
2026-09-18T06:38:40.5503478Z Collecting aiohttp<4.0.0,>=3.8.0 (from edge-tts>=6.1.10->xcagi==1.0.0.5)
2026-09-18T06:38:40.5685115Z   Downloading aiohttp-3.14.3-cp311-cp311-win_amd64.whl.metadata (8.5 kB)
2026-09-18T06:38:40.6171616Z Collecting tabulate<1.0.0,>=0.4.4 (from edge-tts>=6.1.10->xcagi==1.0.0.5)
2026-09-18T06:38:40.6344113Z   Downloading tabulate-0.10.0-py3-none-any.whl.metadata (40 kB)
2026-09-18T06:38:40.6873369Z Collecting aiohappyeyeballs>=2.5.0 (from aiohttp<4.0.0,>=3.8.0->edge-tts>=6.1.10->xcagi==1.0.0.5)
2026-09-18T06:38:40.7045071Z   Downloading aiohappyeyeballs-2.7.1-py3-none-any.whl.metadata (5.9 kB)
2026-09-18T06:38:40.7488739Z Collecting aiosignal>=1.4.0 (from aiohttp<4.0.0,>=3.8.0->edge-tts>=6.1.10->xcagi==1.0.0.5)
2026-09-18T06:38:40.7661772Z   Downloading aiosignal-1.4.0-py3-none-any.whl.metadata (3.7 kB)
2026-09-18T06:38:40.8193311Z Collecting attrs>=17.3.0 (from aiohttp<4.0.0,>=3.8.0->edge-tts>=6.1.10->xcagi==1.0.0.5)
2026-09-18T06:38:40.8365368Z   Downloading attrs-26.1.0-py3-none-any.whl.metadata (8.8 kB)
2026-09-18T06:38:40.9358066Z Collecting frozenlist>=1.1.1 (from aiohttp<4.0.0,>=3.8.0->edge-tts>=6.1.10->xcagi==1.0.0.5)
2026-09-18T06:38:40.9536942Z   Downloading frozenlist-1.8.0-cp311-cp311-win_amd64.whl.metadata (21 kB)
2026-09-18T06:38:41.2264956Z Collecting multidict<7.0,>=4.5 (from aiohttp<4.0.0,>=3.8.0->edge-tts>=6.1.10->xcagi==1.0.0.5)
2026-09-18T06:38:41.2450890Z   Downloading multidict-6.8.0-cp311-cp311-win_amd64.whl.metadata (5.4 kB)
2026-09-18T06:38:41.3482064Z Collecting propcache>=0.2.0 (from aiohttp<4.0.0,>=3.8.0->edge-tts>=6.1.10->xcagi==1.0.0.5)
2026-09-18T06:38:41.3665144Z   Downloading propcache-0.5.4-cp311-cp311-win_amd64.whl.metadata (25 kB)
2026-09-18T06:38:41.6509169Z Collecting yarl<2.0,>=1.17.0 (from aiohttp<4.0.0,>=3.8.0->edge-tts>=6.1.10->xcagi==1.0.0.5)
2026-09-18T06:38:41.6716044Z   Downloading yarl-1.25.1-cp311-cp311-win_amd64.whl.metadata (115 kB)
2026-09-18T06:38:42.1860079Z Collecting dnspython>=2.0.0 (from email-validator>=2.0.0->xcagi==1.0.0.5)
2026-09-18T06:38:42.2030273Z   Downloading dnspython-2.8.0-py3-none-any.whl.metadata (5.7 kB)
2026-09-18T06:38:42.2601135Z Collecting annotated-doc>=0.0.2 (from fastapi>=0.136.1->xcagi==1.0.0.5)
2026-09-18T06:38:42.2773321Z   Downloading annotated_doc-0.0.5-py3-none-any.whl.metadata (6.5 kB)
2026-09-18T06:38:42.4503028Z Collecting ctranslate2<5,>=4.0 (from faster-whisper>=1.0.0->xcagi==1.0.0.5)
2026-09-18T06:38:42.4687958Z   Downloading ctranslate2-4.8.2-cp311-cp311-win_amd64.whl.metadata (11 kB)
2026-09-18T06:38:42.5480830Z Collecting huggingface-hub>=0.21 (from faster-whisper>=1.0.0->xcagi==1.0.0.5)
2026-09-18T06:38:42.5656942Z   Downloading huggingface_hub-1.32.0-py3-none-any.whl.metadata (16 kB)
2026-09-18T06:38:42.7501362Z Collecting tokenizers<1,>=0.13 (from faster-whisper>=1.0.0->xcagi==1.0.0.5)
2026-09-18T06:38:42.7693777Z   Downloading tokenizers-0.23.2-cp310-abi3-win_amd64.whl.metadata (10 kB)
2026-09-18T06:38:42.8747644Z Collecting onnxruntime<2,>=1.14 (from faster-whisper>=1.0.0->xcagi==1.0.0.5)
2026-09-18T06:38:42.8928993Z   Downloading onnxruntime-1.30.0-cp311-cp311-win_amd64.whl.metadata (5.9 kB)
2026-09-18T06:38:42.9625178Z Collecting tqdm (from faster-whisper>=1.0.0->xcagi==1.0.0.5)
2026-09-18T06:38:42.9805179Z   Downloading tqdm-4.70.1-py3-none-any.whl.metadata (57 kB)
2026-09-18T06:38:43.0373400Z Collecting flatbuffers (from onnxruntime<2,>=1.14->faster-whisper>=1.0.0->xcagi==1.0.0.5)
2026-09-18T06:38:43.0544534Z   Downloading flatbuffers-25.12.19-py2.py3-none-any.whl.metadata (1.0 kB)
2026-09-18T06:38:43.1312120Z Collecting filelock>=3.10.0 (from huggingface-hub>=0.21->faster-whisper>=1.0.0->xcagi==1.0.0.5)
2026-09-18T06:38:43.1490309Z   Downloading filelock-4.0.0-py3-none-any.whl.metadata (2.0 kB)
2026-09-18T06:38:43.2026270Z Collecting fsspec>=2023.5.0 (from huggingface-hub>=0.21->faster-whisper>=1.0.0->xcagi==1.0.0.5)
2026-09-18T06:38:43.2206402Z   Downloading fsspec-2026.7.0-py3-none-any.whl.metadata (10 kB)
2026-09-18T06:38:43.3117748Z Collecting hf-xet<2.0.0,>=1.5.2 (from huggingface-hub>=0.21->faster-whisper>=1.0.0->xcagi==1.0.0.5)
2026-09-18T06:38:43.3303647Z   Downloading hf_xet-1.6.0-cp38-abi3-win_amd64.whl.metadata (4.9 kB)
2026-09-18T06:38:43.5192116Z Collecting greenlet>=3.2.2 (from gevent>=25.4.2->xcagi==1.0.0.5)
2026-09-18T06:38:43.5380145Z   Downloading greenlet-3.5.6-cp311-cp311-win_amd64.whl.metadata (3.9 kB)
2026-09-18T06:38:43.6751257Z Collecting cffi>=2.1.1 (from gevent>=25.4.2->xcagi==1.0.0.5)
2026-09-18T06:38:43.6928090Z   Downloading cffi-2.1.1-cp311-cp311-win_amd64.whl.metadata (2.6 kB)
2026-09-18T06:38:43.7386570Z Collecting zope.event (from gevent>=25.4.2->xcagi==1.0.0.5)
2026-09-18T06:38:43.7561876Z   Downloading zope_event-6.2-py3-none-any.whl.metadata (5.4 kB)
2026-09-18T06:38:43.9697405Z Collecting zope.interface (from gevent>=25.4.2->xcagi==1.0.0.5)
2026-09-18T06:38:43.9879226Z   Downloading zope_interface-8.6-cp311-cp311-win_amd64.whl.metadata (48 kB)
2026-09-18T06:38:44.0395291Z Collecting pycparser (from cffi>=2.1.1->gevent>=25.4.2->xcagi==1.0.0.5)
2026-09-18T06:38:44.0566619Z   Downloading pycparser-3.0-py3-none-any.whl.metadata (8.2 kB)
2026-09-18T06:38:44.1953398Z Collecting jiter<1,>=0.16.0 (from openai>=1.40.0->xcagi==1.0.0.5)
2026-09-18T06:38:44.2129626Z   Downloading jiter-0.17.0-cp311-cp311-win_amd64.whl.metadata (5.3 kB)
2026-09-18T06:38:44.2745971Z Collecting opentelemetry-exporter-otlp-proto-grpc==1.44.0 (from opentelemetry-exporter-otlp>=1.24.0->xcagi==1.0.0.5)
2026-09-18T06:38:44.2921310Z   Downloading opentelemetry_exporter_otlp_proto_grpc-1.44.0-py3-none-any.whl.metadata (2.6 kB)
2026-09-18T06:38:44.3414211Z Collecting opentelemetry-exporter-otlp-proto-http==1.44.0 (from opentelemetry-exporter-otlp>=1.24.0->xcagi==1.0.0.5)
2026-09-18T06:38:44.3612529Z   Downloading opentelemetry_exporter_otlp_proto_http-1.44.0-py3-none-any.whl.metadata (2.4 kB)
2026-09-18T06:38:44.4134111Z Collecting googleapis-common-protos~=1.57 (from opentelemetry-exporter-otlp-proto-grpc==1.44.0->opentelemetry-exporter-otlp>=1.24.0->xcagi==1.0.0.5)
2026-09-18T06:38:44.4309662Z   Downloading googleapis_common_protos-1.75.3-py3-none-any.whl.metadata (8.5 kB)
2026-09-18T06:38:45.0310636Z Collecting grpcio<2.0.0,>=1.63.2 (from opentelemetry-exporter-otlp-proto-grpc==1.44.0->opentelemetry-exporter-otlp>=1.24.0->xcagi==1.0.0.5)
2026-09-18T06:38:45.0503264Z   Downloading grpcio-1.84.0-cp311-cp311-win_amd64.whl.metadata (3.9 kB)
2026-09-18T06:38:45.1014079Z Collecting opentelemetry-exporter-otlp-proto-common==1.44.0 (from opentelemetry-exporter-otlp-proto-grpc==1.44.0->opentelemetry-exporter-otlp>=1.24.0->xcagi==1.0.0.5)
2026-09-18T06:38:45.1188035Z   Downloading opentelemetry_exporter_otlp_proto_common-1.44.0-py3-none-any.whl.metadata (1.8 kB)
2026-09-18T06:38:45.1711624Z Collecting opentelemetry-proto==1.44.0 (from opentelemetry-exporter-otlp-proto-grpc==1.44.0->opentelemetry-exporter-otlp>=1.24.0->xcagi==1.0.0.5)
2026-09-18T06:38:45.1886689Z   Downloading opentelemetry_proto-1.44.0-py3-none-any.whl.metadata (2.3 kB)
2026-09-18T06:38:45.2651693Z Collecting opentelemetry-semantic-conventions==0.65b0 (from opentelemetry-sdk>=1.24.0->xcagi==1.0.0.5)
2026-09-18T06:38:45.2824743Z   Downloading opentelemetry_semantic_conventions-0.65b0-py3-none-any.whl.metadata (2.4 kB)
2026-09-18T06:38:45.3448229Z Collecting urllib3<3,>=1.26 (from requests>=2.33.0->xcagi==1.0.0.5)
2026-09-18T06:38:45.3621363Z   Downloading urllib3-2.8.0-py3-none-any.whl.metadata (7.4 kB)
2026-09-18T06:38:45.4494535Z Collecting bcrypt>=3.1.0 (from passlib[bcrypt]>=1.7.4; extra == "server-api"->xcagi==1.0.0.5)
2026-09-18T06:38:45.4669921Z   Downloading bcrypt-5.0.0-cp39-abi3-win_amd64.whl.metadata (10 kB)
2026-09-18T06:38:45.5242632Z Collecting pdfminer.six==20260107 (from pdfplumber>=0.11.0->xcagi==1.0.0.5)
2026-09-18T06:38:45.5415277Z   Downloading pdfminer_six-20260107-py3-none-any.whl.metadata (4.3 kB)
2026-09-18T06:38:45.6612681Z Collecting pypdfium2>=5.9.0 (from pdfplumber>=0.11.0->xcagi==1.0.0.5)
2026-09-18T06:38:45.6792339Z   Downloading pypdfium2-5.13.0-py3-none-win_amd64.whl.metadata (67 kB)
2026-09-18T06:38:45.8945723Z Collecting cryptography>=36.0.0 (from pdfminer.six==20260107->pdfplumber>=0.11.0->xcagi==1.0.0.5)
2026-09-18T06:38:45.9121131Z   Downloading cryptography-50.0.1-cp311-abi3-win_amd64.whl.metadata (4.3 kB)
2026-09-18T06:38:45.9693474Z Collecting wcwidth>=0.1.4 (from prompt_toolkit>=3.0.36->click-repl>=0.2.0->Celery==5.3.4->xcagi==1.0.0.5)
2026-09-18T06:38:45.9863655Z   Downloading wcwidth-0.8.4-py3-none-any.whl.metadata (23 kB)
2026-09-18T06:38:46.1851516Z Collecting psycopg-binary==3.3.5 (from psycopg[binary]>=3.1.18; extra == "server-api"->xcagi==1.0.0.5)
2026-09-18T06:38:46.2033790Z   Downloading psycopg_binary-3.3.5-cp311-cp311-win_amd64.whl.metadata (2.7 kB)
2026-09-18T06:38:46.3282931Z Collecting pycryptodomex>=3.15.0 (from python-alipay-sdk>=3.3.0->xcagi==1.0.0.5)
2026-09-18T06:38:46.3463017Z   Downloading pycryptodomex-3.23.0-cp37-abi3-win_amd64.whl.metadata (3.5 kB)
2026-09-18T06:38:46.3987700Z Collecting pyOpenSSL>=22.0.0 (from python-alipay-sdk>=3.3.0->xcagi==1.0.0.5)
2026-09-18T06:38:46.4160049Z   Downloading pyopenssl-26.4.0-py3-none-any.whl.metadata (22 kB)
2026-09-18T06:38:46.4753296Z Collecting six>=1.5 (from python-dateutil>=2.8.2->Celery==5.3.4->xcagi==1.0.0.5)
2026-09-18T06:38:46.4926533Z   Downloading six-1.17.0-py2.py3-none-any.whl.metadata (1.7 kB)
2026-09-18T06:38:46.8599028Z Collecting lxml>=3.1.0 (from python-docx>=1.1.0->xcagi==1.0.0.5)
2026-09-18T06:38:46.8782176Z   Downloading lxml-6.1.3-cp311-cp311-win_amd64.whl.metadata (3.4 kB)
2026-09-18T06:38:46.9485112Z Collecting XlsxWriter>=0.5.7 (from python-pptx>=1.0.2->xcagi==1.0.0.5)
2026-09-18T06:38:46.9659633Z   Downloading xlsxwriter-3.2.9-py3-none-any.whl.metadata (2.7 kB)
2026-09-18T06:38:47.1462410Z Collecting scipy>=1.10.0 (from scikit-learn>=1.3.0->xcagi==1.0.0.5)
2026-09-18T06:38:47.1641415Z   Downloading scipy-1.17.1-cp311-cp311-win_amd64.whl.metadata (60 kB)
2026-09-18T06:38:47.2347596Z Collecting joblib>=1.4.0 (from scikit-learn>=1.3.0->xcagi==1.0.0.5)
2026-09-18T06:38:47.2522399Z   Downloading joblib-1.6.0-py3-none-any.whl.metadata (6.5 kB)
2026-09-18T06:38:47.3222294Z Collecting narwhals>=2.0.1 (from scikit-learn>=1.3.0->xcagi==1.0.0.5)
2026-09-18T06:38:47.3394386Z   Downloading narwhals-2.26.0-py3-none-any.whl.metadata (15 kB)
2026-09-18T06:38:47.3911750Z Collecting threadpoolctl>=3.5.0 (from scikit-learn>=1.3.0->xcagi==1.0.0.5)
2026-09-18T06:38:47.4083569Z   Downloading threadpoolctl-3.7.0-py3-none-any.whl.metadata (24 kB)
2026-09-18T06:38:47.4581746Z Collecting cloudpickle>=3.0 (from joblib>=1.4.0->scikit-learn>=1.3.0->xcagi==1.0.0.5)
2026-09-18T06:38:47.4755196Z   Downloading cloudpickle-3.1.2-py3-none-any.whl.metadata (7.1 kB)
2026-09-18T06:38:47.5458908Z Collecting colorama (from tqdm->faster-whisper>=1.0.0->xcagi==1.0.0.5)
2026-09-18T06:38:47.5632409Z   Downloading colorama-0.4.6-py2.py3-none-any.whl.metadata (17 kB)
2026-09-18T06:38:47.6371729Z Collecting httptools>=0.8.0 (from uvicorn[standard]>=0.27.0; extra == "server-api"->xcagi==1.0.0.5)
2026-09-18T06:38:47.6548587Z   Downloading httptools-0.8.0-cp311-cp311-win_amd64.whl.metadata (3.7 kB)
2026-09-18T06:38:47.7655852Z Collecting watchfiles>=0.20 (from uvicorn[standard]>=0.27.0; extra == "server-api"->xcagi==1.0.0.5)
2026-09-18T06:38:47.7836581Z   Downloading watchfiles-1.2.0-cp311-cp311-win_amd64.whl.metadata (5.0 kB)
2026-09-18T06:38:47.8833173Z Collecting MarkupSafe>=2.0 (from Mako->alembic>=1.13.0->xcagi==1.0.0.5)
2026-09-18T06:38:47.9006009Z   Downloading markupsafe-3.0.3-cp311-cp311-win_amd64.whl.metadata (2.8 kB)
2026-09-18T06:38:47.9431151Z Downloading celery-5.3.4-py3-none-any.whl (421 kB)
2026-09-18T06:38:48.0288821Z Downloading httpx-0.26.0-py3-none-any.whl (75 kB)
2026-09-18T06:38:48.0608604Z Downloading langgraph-1.2.10-py3-none-any.whl (247 kB)
2026-09-18T06:38:48.0945319Z Downloading langgraph_checkpoint-4.1.1-py3-none-any.whl (56 kB)
2026-09-18T06:38:48.1272832Z Downloading langgraph_prebuilt-1.1.0-py3-none-any.whl (41 kB)
2026-09-18T06:38:48.1601386Z Downloading langgraph_sdk-0.4.2-py3-none-any.whl (160 kB)
2026-09-18T06:38:48.1935256Z Downloading langgraph_checkpoint_postgres-3.1.1-py3-none-any.whl (50 kB)
2026-09-18T06:38:48.2238315Z Downloading langgraph_checkpoint_sqlite-3.1.1-py3-none-any.whl (40 kB)
2026-09-18T06:38:48.2560221Z Downloading openpyxl-3.1.5-py2.py3-none-any.whl (250 kB)
2026-09-18T06:38:48.2917127Z Downloading redis-5.0.1-py3-none-any.whl (250 kB)
2026-09-18T06:38:48.3239297Z Downloading apscheduler-3.11.3-py3-none-any.whl (66 kB)
2026-09-18T06:38:48.3586924Z Downloading av-17.1.0-cp311-abi3-win_amd64.whl (28.0 MB)
2026-09-18T06:38:48.7200948Z    ---------------------------------------- 28.0/28.0 MB 81.0 MB/s  0:00:00
2026-09-18T06:38:48.7373161Z Downloading billiard-4.3.0-py3-none-any.whl (88 kB)
2026-09-18T06:38:48.7687125Z Downloading click-8.5.0-py3-none-any.whl (125 kB)
2026-09-18T06:38:48.8037384Z Downloading httpcore-1.0.9-py3-none-any.whl (78 kB)
2026-09-18T06:38:48.8346572Z Downloading kombu-5.6.2-py3-none-any.whl (214 kB)
2026-09-18T06:38:48.8693785Z Downloading vine-5.1.0-py3-none-any.whl (9.6 kB)
2026-09-18T06:38:48.9019073Z Downloading amqp-5.3.1-py3-none-any.whl (50 kB)
2026-09-18T06:38:48.9361002Z Downloading langchain_core-1.6.3-py3-none-any.whl (571 kB)
2026-09-18T06:38:48.9589768Z    ---------------------------------------- 571.8/571.8 kB 10.0 MB/s  0:00:00
2026-09-18T06:38:48.9761057Z Downloading jsonpatch-1.33-py2.py3-none-any.whl (12 kB)
2026-09-18T06:38:49.0092395Z Downloading langsmith-0.12.6-py3-none-any.whl (768 kB)
2026-09-18T06:38:49.0342108Z    ---------------------------------------- 768.5/768.5 kB 16.3 MB/s  0:00:00
2026-09-18T06:38:49.0512237Z Downloading httpx2-2.13.0-py3-none-any.whl (95 kB)
2026-09-18T06:38:49.0876085Z Downloading httpcore2-2.13.0-py3-none-any.whl (83 kB)
2026-09-18T06:38:49.1202248Z Downloading pydantic-2.13.5-py3-none-any.whl (472 kB)
2026-09-18T06:38:49.1562273Z Downloading pydantic_core-2.46.5-cp311-cp311-win_amd64.whl (2.0 MB)
2026-09-18T06:38:49.1912155Z    ---------------------------------------- 2.0/2.0 MB 111.2 MB/s  0:00:00
2026-09-18T06:38:49.2084628Z Downloading pypdf-6.19.0-py3-none-any.whl (395 kB)
2026-09-18T06:38:49.2480245Z Downloading pyyaml-6.0.3-cp311-cp311-win_amd64.whl (158 kB)
2026-09-18T06:38:49.2843796Z Downloading reportlab-5.0.1-py3-none-any.whl (2.0 MB)
2026-09-18T06:38:49.3212694Z    ---------------------------------------- 2.0/2.0 MB 53.0 MB/s  0:00:00
2026-09-18T06:38:49.3385844Z Downloading tenacity-9.1.4-py3-none-any.whl (28 kB)
2026-09-18T06:38:49.3688644Z Downloading typing_extensions-4.16.0-py3-none-any.whl (45 kB)
2026-09-18T06:38:49.4006575Z Downloading uuid_utils-0.17.1-cp311-cp311-win_amd64.whl (178 kB)
2026-09-18T06:38:49.6507973Z Downloading websockets-15.0.1-cp311-cp311-win_amd64.whl (176 kB)
2026-09-18T06:38:49.6834802Z Downloading aiofiles-25.1.0-py3-none-any.whl (14 kB)
2026-09-18T06:38:49.7169125Z Downloading aiosqlite-0.22.1-py3-none-any.whl (17 kB)
2026-09-18T06:38:49.7484061Z Downloading alembic-1.20.0-py3-none-any.whl (268 kB)
2026-09-18T06:38:49.7827697Z Downloading annotated_types-0.8.0-py3-none-any.whl (13 kB)
2026-09-18T06:38:49.8136901Z Downloading anyio-4.15.1-py3-none-any.whl (132 kB)
2026-09-18T06:38:49.8440666Z Downloading click_didyoumean-0.3.1-py3-none-any.whl (3.6 kB)
2026-09-18T06:38:49.8747812Z Downloading click_plugins-1.1.1.2-py2.py3-none-any.whl (11 kB)
2026-09-18T06:38:49.9055546Z Downloading click_repl-0.4.0-py3-none-any.whl (14 kB)
2026-09-18T06:38:49.9362042Z Downloading distro-1.9.0-py3-none-any.whl (20 kB)
2026-09-18T06:38:49.9669906Z Downloading edge_tts-7.2.8-py3-none-any.whl (31 kB)
2026-09-18T06:38:49.9996529Z Downloading aiohttp-3.14.3-cp311-cp311-win_amd64.whl (481 kB)
2026-09-18T06:38:50.0353458Z Downloading multidict-6.8.0-cp311-cp311-win_amd64.whl (51 kB)
2026-09-18T06:38:50.0697860Z Downloading tabulate-0.10.0-py3-none-any.whl (39 kB)
2026-09-18T06:38:50.1030689Z Downloading yarl-1.25.1-cp311-cp311-win_amd64.whl (102 kB)
2026-09-18T06:38:50.1420434Z Downloading aiohappyeyeballs-2.7.1-py3-none-any.whl (15 kB)
2026-09-18T06:38:50.1714138Z Downloading aiosignal-1.4.0-py3-none-any.whl (7.5 kB)
2026-09-18T06:38:50.2021384Z Downloading attrs-26.1.0-py3-none-any.whl (67 kB)
2026-09-18T06:38:50.2321377Z Downloading certifi-2026.7.22-py3-none-any.whl (136 kB)
2026-09-18T06:38:50.2626669Z Downloading email_validator-2.3.0-py3-none-any.whl (35 kB)
2026-09-18T06:38:50.2955311Z Downloading dnspython-2.8.0-py3-none-any.whl (331 kB)
2026-09-18T06:38:50.3323170Z Downloading fastapi-0.141.1-py3-none-any.whl (131 kB)
2026-09-18T06:38:50.3652916Z Downloading annotated_doc-0.0.5-py3-none-any.whl (5.3 kB)
2026-09-18T06:38:50.3956668Z Downloading faster_whisper-1.2.1-py3-none-any.whl (1.1 MB)
2026-09-18T06:38:50.4229074Z    ---------------------------------------- 1.1/1.1 MB 57.1 MB/s  0:00:00
2026-09-18T06:38:50.4401751Z Downloading ctranslate2-4.8.2-cp311-cp311-win_amd64.whl (19.2 MB)
2026-09-18T06:38:50.6164320Z    ---------------------------------------- 19.2/19.2 MB 110.2 MB/s  0:00:00
2026-09-18T06:38:50.6345971Z Downloading onnxruntime-1.30.0-cp311-cp311-win_amd64.whl (14.3 MB)
2026-09-18T06:38:50.7378668Z    ---------------------------------------- 14.3/14.3 MB 127.7 MB/s  0:00:00
2026-09-18T06:38:50.7555659Z Downloading tokenizers-0.23.2-cp310-abi3-win_amd64.whl (2.9 MB)
2026-09-18T06:38:50.7909462Z    ---------------------------------------- 2.9/2.9 MB 83.9 MB/s  0:00:00
2026-09-18T06:38:50.8080333Z Downloading huggingface_hub-1.32.0-py3-none-any.whl (842 kB)
2026-09-18T06:38:50.8313352Z    ---------------------------------------- 842.9/842.9 kB 18.7 MB/s  0:00:00
2026-09-18T06:38:50.8505091Z Downloading hf_xet-1.6.0-cp38-abi3-win_amd64.whl (4.0 MB)
2026-09-18T06:38:51.0789806Z    ---------------------------------------- 4.0/4.0 MB 17.2 MB/s  0:00:00
2026-09-18T06:38:51.0979848Z Downloading filelock-4.0.0-py3-none-any.whl (106 kB)
2026-09-18T06:38:51.1324417Z Downloading frozenlist-1.8.0-cp311-cp311-win_amd64.whl (44 kB)
2026-09-18T06:38:51.1676889Z Downloading fsspec-2026.7.0-py3-none-any.whl (206 kB)
2026-09-18T06:38:51.1988478Z Downloading gevent-26.9.0-cp311-cp311-win_amd64.whl (1.7 MB)
2026-09-18T06:38:51.2302692Z    ---------------------------------------- 1.7/1.7 MB 47.2 MB/s  0:00:00
2026-09-18T06:38:51.2476064Z Downloading cffi-2.1.1-cp311-cp311-win_amd64.whl (185 kB)
2026-09-18T06:38:51.2796431Z Downloading greenlet-3.5.6-cp311-cp311-win_amd64.whl (323 kB)
2026-09-18T06:38:51.3156510Z Downloading gunicorn-26.2.0-py3-none-any.whl (228 kB)
2026-09-18T06:38:51.3498688Z Downloading h11-0.16.0-py3-none-any.whl (37 kB)
2026-09-18T06:38:51.3825452Z Downloading idna-3.20-py3-none-any.whl (69 kB)
2026-09-18T06:38:51.4153078Z Downloading imageio_ffmpeg-0.6.0-py3-none-win_amd64.whl (31.2 MB)
2026-09-18T06:38:51.7412913Z    ---------------------------------------- 31.2/31.2 MB 94.2 MB/s  0:00:00
2026-09-18T06:38:51.7587407Z Downloading jsonpointer-3.1.1-py3-none-any.whl (7.7 kB)
2026-09-18T06:38:51.7902767Z Downloading langchain_protocol-0.0.19-py3-none-any.whl (7.3 kB)
2026-09-18T06:38:51.8213320Z Downloading numpy-2.4.6-cp311-cp311-win_amd64.whl (12.6 MB)
2026-09-18T06:38:51.8961028Z    ---------------------------------------- 12.6/12.6 MB 158.3 MB/s  0:00:00
2026-09-18T06:38:51.9136554Z Downloading openai-3.15.0-py3-none-any.whl (2.0 MB)
2026-09-18T06:38:51.9472167Z    ---------------------------------------- 2.0/2.0 MB 54.9 MB/s  0:00:00
2026-09-18T06:38:51.9649473Z Downloading jiter-0.17.0-cp311-cp311-win_amd64.whl (231 kB)
2026-09-18T06:38:51.9975430Z Downloading opentelemetry_api-1.44.0-py3-none-any.whl (60 kB)
2026-09-18T06:38:52.0272997Z Downloading opentelemetry_exporter_otlp-1.44.0-py3-none-any.whl (6.7 kB)
2026-09-18T06:38:52.0613640Z Downloading opentelemetry_exporter_otlp_proto_grpc-1.44.0-py3-none-any.whl (19 kB)
2026-09-18T06:38:52.0928435Z Downloading opentelemetry_exporter_otlp_proto_common-1.44.0-py3-none-any.whl (17 kB)
2026-09-18T06:38:52.1244801Z Downloading opentelemetry_exporter_otlp_proto_http-1.44.0-py3-none-any.whl (21 kB)
2026-09-18T06:38:52.1557439Z Downloading opentelemetry_proto-1.44.0-py3-none-any.whl (72 kB)
2026-09-18T06:38:52.1913151Z Downloading googleapis_common_protos-1.75.3-py3-none-any.whl (306 kB)
2026-09-18T06:38:52.2261428Z Downloading grpcio-1.84.0-cp311-cp311-win_amd64.whl (5.3 MB)
2026-09-18T06:38:52.5093301Z    ---------------------------------------- 5.3/5.3 MB 17.8 MB/s  0:00:00
2026-09-18T06:38:52.5266730Z Downloading opentelemetry_sdk-1.44.0-py3-none-any.whl (137 kB)
2026-09-18T06:38:52.5602104Z Downloading opentelemetry_semantic_conventions-0.65b0-py3-none-any.whl (204 kB)
2026-09-18T06:38:52.5963729Z Downloading protobuf-7.36.2-cp310-abi3-win_amd64.whl (456 kB)
2026-09-18T06:38:52.6320540Z Downloading requests-2.34.2-py3-none-any.whl (73 kB)
2026-09-18T06:38:52.6628622Z Downloading charset_normalizer-3.5.1-cp311-cp311-win_amd64.whl (206 kB)
2026-09-18T06:38:52.6949455Z Downloading urllib3-2.8.0-py3-none-any.whl (135 kB)
2026-09-18T06:38:52.7276972Z Downloading orjson-3.12.0-cp311-cp311-win_amd64.whl (122 kB)
2026-09-18T06:38:52.7618342Z Downloading ormsgpack-1.12.2-cp311-cp311-win_amd64.whl (117 kB)
2026-09-18T06:38:52.7947517Z Downloading packaging-26.3-py3-none-any.whl (129 kB)
2026-09-18T06:38:52.8308906Z Downloading pandas-3.0.6-cp311-cp311-win_amd64.whl (9.9 MB)
2026-09-18T06:38:52.9195919Z    ---------------------------------------- 9.9/9.9 MB 123.0 MB/s  0:00:00
2026-09-18T06:38:52.9370987Z Downloading passlib-1.7.4-py2.py3-none-any.whl (525 kB)
2026-09-18T06:38:52.9602545Z    ---------------------------------------- 525.6/525.6 kB 17.6 MB/s  0:00:00
2026-09-18T06:38:52.9774675Z Downloading bcrypt-5.0.0-cp39-abi3-win_amd64.whl (150 kB)
2026-09-18T06:38:53.0104563Z Downloading pdfplumber-0.11.10-py3-none-any.whl (60 kB)
2026-09-18T06:38:53.0423519Z Downloading pdfminer_six-20260107-py3-none-any.whl (6.6 MB)
2026-09-18T06:38:53.1029277Z    ---------------------------------------- 6.6/6.6 MB 100.5 MB/s  0:00:00
2026-09-18T06:38:53.1203242Z Downloading cryptography-50.0.1-cp311-abi3-win_amd64.whl (3.8 MB)
2026-09-18T06:38:53.1589435Z    ---------------------------------------- 3.8/3.8 MB 77.8 MB/s  0:00:00
2026-09-18T06:38:53.1760673Z Downloading pgvector-0.5.0-py3-none-any.whl (30 kB)
2026-09-18T06:38:53.2088453Z Downloading pillow-12.3.0-cp311-cp311-win_amd64.whl (7.2 MB)
2026-09-18T06:38:53.2624364Z    ---------------------------------------- 7.2/7.2 MB 148.3 MB/s  0:00:00
2026-09-18T06:38:53.2796691Z Downloading prometheus_client-0.26.0-py3-none-any.whl (64 kB)
2026-09-18T06:38:53.3124139Z Downloading prompt_toolkit-3.0.53-py3-none-any.whl (392 kB)
2026-09-18T06:38:53.3519861Z Downloading propcache-0.5.4-cp311-cp311-win_amd64.whl (46 kB)
2026-09-18T06:38:53.3860850Z Downloading psutil-7.2.2-cp37-abi3-win_amd64.whl (137 kB)
2026-09-18T06:38:53.4194794Z Downloading psycopg-3.3.5-py3-none-any.whl (213 kB)
2026-09-18T06:38:53.4519213Z Downloading psycopg_pool-3.3.1-py3-none-any.whl (40 kB)
2026-09-18T06:38:53.4832828Z Downloading psycopg_binary-3.3.5-cp311-cp311-win_amd64.whl (3.7 MB)
2026-09-18T06:38:53.5203627Z    ---------------------------------------- 3.7/3.7 MB 72.4 MB/s  0:00:00
2026-09-18T06:38:53.5376674Z Downloading pydantic_settings-2.15.0-py3-none-any.whl (69 kB)
2026-09-18T06:38:53.5671183Z Downloading pyjwt-2.14.0-py3-none-any.whl (32 kB)
2026-09-18T06:38:53.8414082Z Downloading pypdfium2-5.13.0-py3-none-win_amd64.whl (3.9 MB)
2026-09-18T06:38:53.8813907Z    ---------------------------------------- 3.9/3.9 MB 116.9 MB/s  0:00:00
2026-09-18T06:38:53.9004574Z Downloading pycryptodomex-3.23.0-cp37-abi3-win_amd64.whl (1.8 MB)
2026-09-18T06:38:53.9314213Z    ---------------------------------------- 1.8/1.8 MB 49.7 MB/s  0:00:00
2026-09-18T06:38:53.9484600Z Downloading pyopenssl-26.4.0-py3-none-any.whl (56 kB)
2026-09-18T06:38:53.9793758Z Downloading python_dateutil-2.9.0.post0-py2.py3-none-any.whl (229 kB)
2026-09-18T06:38:54.0165012Z Downloading python_docx-1.2.0-py3-none-any.whl (252 kB)
2026-09-18T06:38:54.0500404Z Downloading lxml-6.1.3-cp311-cp311-win_amd64.whl (4.0 MB)
2026-09-18T06:38:54.0928941Z    ---------------------------------------- 4.0/4.0 MB 121.6 MB/s  0:00:00
2026-09-18T06:38:54.1102316Z Downloading python_dotenv-1.2.3-py3-none-any.whl (22 kB)
2026-09-18T06:38:54.1431769Z Downloading python_multipart-0.0.32-py3-none-any.whl (30 kB)
2026-09-18T06:38:54.1724021Z Downloading python_pptx-1.0.2-py3-none-any.whl (472 kB)
2026-09-18T06:38:54.2085717Z Downloading requests_toolbelt-1.0.0-py2.py3-none-any.whl (54 kB)
2026-09-18T06:38:54.2399914Z Downloading scikit_learn-1.9.1-cp311-cp311-win_amd64.whl (8.3 MB)
2026-09-18T06:38:54.2938952Z    ---------------------------------------- 8.3/8.3 MB 175.4 MB/s  0:00:00
2026-09-18T06:38:54.3111676Z Downloading joblib-1.6.0-py3-none-any.whl (306 kB)
2026-09-18T06:38:54.3479170Z Downloading cloudpickle-3.1.2-py3-none-any.whl (22 kB)
2026-09-18T06:38:54.3779567Z Downloading narwhals-2.26.0-py3-none-any.whl (474 kB)
2026-09-18T06:38:54.4150184Z Downloading scipy-1.17.1-cp311-cp311-win_amd64.whl (36.6 MB)
2026-09-18T06:38:54.8298104Z    ---------------------------------------- 36.6/36.6 MB 89.3 MB/s  0:00:00
2026-09-18T06:38:54.8469259Z Downloading six-1.17.0-py2.py3-none-any.whl (11 kB)
2026-09-18T06:38:54.8779784Z Downloading sniffio-1.3.1-py3-none-any.whl (10 kB)
2026-09-18T06:38:54.9088312Z Downloading socksio-1.0.0-py3-none-any.whl (12 kB)
2026-09-18T06:38:54.9398476Z Downloading sqlalchemy-2.0.54-cp311-cp311-win_amd64.whl (2.2 MB)
2026-09-18T06:38:54.9726537Z    ---------------------------------------- 2.2/2.2 MB 61.5 MB/s  0:00:00
2026-09-18T06:38:54.9901084Z Downloading sqlite_vec-0.1.9-py3-none-win_amd64.whl (292 kB)
2026-09-18T06:38:55.3157871Z Downloading starlette-1.6.0-py3-none-any.whl (75 kB)
2026-09-18T06:38:55.3462509Z Downloading threadpoolctl-3.7.0-py3-none-any.whl (26 kB)
2026-09-18T06:38:55.3777443Z Downloading tqdm-4.70.1-py3-none-any.whl (80 kB)
2026-09-18T06:38:55.4085544Z Downloading truststore-0.10.4-py3-none-any.whl (18 kB)
2026-09-18T06:38:55.4372694Z Downloading typing_inspection-0.4.4-py3-none-any.whl (14 kB)
2026-09-18T06:38:55.4680443Z Downloading tzdata-2026.4-py2.py3-none-any.whl (347 kB)
2026-09-18T06:38:55.5044526Z Downloading tzlocal-5.4.4-py3-none-any.whl (18 kB)
2026-09-18T06:38:55.5367824Z Downloading uvicorn-0.53.0-py3-none-any.whl (87 kB)
2026-09-18T06:38:55.5708014Z Downloading httptools-0.8.0-cp311-cp311-win_amd64.whl (90 kB)
2026-09-18T06:38:55.6062751Z Downloading watchfiles-1.2.0-cp311-cp311-win_amd64.whl (290 kB)
2026-09-18T06:38:55.6386907Z Downloading wcwidth-0.8.4-py3-none-any.whl (299 kB)
2026-09-18T06:38:55.6750698Z Downloading xlrd-2.0.2-py2.py3-none-any.whl (96 kB)
2026-09-18T06:38:55.7055805Z Downloading xlsxwriter-3.2.9-py3-none-any.whl (175 kB)
2026-09-18T06:38:55.7378306Z Downloading xxhash-4.0.1-cp311-cp311-win_amd64.whl (36 kB)
2026-09-18T06:38:55.7704133Z Downloading zstandard-0.25.0-cp311-cp311-win_amd64.whl (506 kB)
2026-09-18T06:38:55.8102380Z Downloading colorama-0.4.6-py2.py3-none-any.whl (25 kB)
2026-09-18T06:38:55.8395493Z Downloading et_xmlfile-2.0.0-py3-none-any.whl (18 kB)
2026-09-18T06:38:55.8711119Z Downloading flatbuffers-25.12.19-py2.py3-none-any.whl (26 kB)
2026-09-18T06:38:55.9020082Z Downloading mako-1.4.1-py3-none-any.whl (80 kB)
2026-09-18T06:38:55.9364036Z Downloading markupsafe-3.0.3-cp311-cp311-win_amd64.whl (15 kB)
2026-09-18T06:38:55.9676425Z Downloading pycparser-3.0-py3-none-any.whl (48 kB)
2026-09-18T06:38:56.0003801Z Downloading zope_event-6.2-py3-none-any.whl (6.5 kB)
2026-09-18T06:38:56.0311134Z Downloading zope_interface-8.6-cp311-cp311-win_amd64.whl (214 kB)
2026-09-18T06:38:56.9341604Z Building wheels for collected packages: xcagi, python-alipay-sdk
2026-09-18T06:38:56.9368191Z   Building editable for xcagi (pyproject.toml): started
2026-09-18T06:38:57.7788196Z   Building editable for xcagi (pyproject.toml): finished with status 'done'
2026-09-18T06:38:57.7964560Z   Created wheel for xcagi: filename=xcagi-1.0.0.5-0.editable-py3-none-any.whl size=8041 sha256=aa1a976a4bf32ee8f4bcb7f1e0fdea9412e8daf00bdde66be5a6a5c9ba778c41
2026-09-18T06:38:57.7966891Z   Stored in directory: C:\Users\runneradmin\AppData\Local\Temp\pip-ephem-wheel-cache-zba0har8\wheels\09\f7\67\f177c7608fbad963df8fa85449c24ae1b59a2c6db431c7afb9
2026-09-18T06:38:57.8022695Z   Building wheel for python-alipay-sdk (pyproject.toml): started
2026-09-18T06:38:58.1386334Z   Building wheel for python-alipay-sdk (pyproject.toml): finished with status 'done'
2026-09-18T06:38:58.1427121Z   Created wheel for python-alipay-sdk: filename=python_alipay_sdk-3.4.0-py3-none-any.whl size=10434 sha256=fdc12dcddf954bf7b980ea851141b565440fc7121fb40350943d21fbbb131d02
2026-09-18T06:38:58.1428415Z   Stored in directory: c:\users\runneradmin\appdata\local\pip\cache\wheels\c1\52\3f\426a2733693643fe5a1d60dd7e3824fd1b3b167958ef7f0440
2026-09-18T06:38:58.1452537Z Successfully built xcagi python-alipay-sdk
2026-09-18T06:38:58.4589667Z Installing collected packages: sqlite-vec, passlib, flatbuffers, zstandard, zope.interface, zope.event, xxhash, XlsxWriter, xlrd, websockets, wcwidth, vine, uuid-utils, urllib3, tzdata, typing-extensions, truststore, threadpoolctl, tenacity, tabulate, socksio, sniffio, six, redis, PyYAML, python-multipart, python-dotenv, pypdfium2, pypdf, PyJWT, pycryptodomex, pycparser, psycopg-binary, psutil, protobuf, propcache, prometheus_client, Pillow, pgvector, packaging, ormsgpack, orjson, numpy, narwhals, multidict, MarkupSafe, lxml, jsonpointer, jiter, imageio-ffmpeg, idna, httptools, hf-xet, h11, gunicorn, greenlet, fsspec, frozenlist, filelock, et-xmlfile, dnspython, distro, colorama, cloudpickle, click, charset-normalizer, certifi, billiard, bcrypt, av, attrs, annotated-types, annotated-doc, aiosqlite, aiohappyeyeballs, aiofiles, yarl, uvicorn, tzlocal, typing-inspection, tqdm, SQLAlchemy, scipy, requests, reportlab, python-pptx, python-docx, python-dateutil, pydantic-core, psycopg-pool, psycopg, prompt_toolkit, opentelemetry-proto, opentelemetry-api, openpyxl, onnxruntime, Mako, langchain-protocol, jsonpatch, joblib, httpcore2, httpcore, grpcio, googleapis-common-protos, email-validator, ctranslate2, click-plugins, click-didyoumean, cffi, anyio, amqp, aiosignal, watchfiles, starlette, scikit-learn, requests-toolbelt, pydantic, pandas, opentelemetry-semantic-conventions, opentelemetry-exporter-otlp-proto-common, kombu, httpx2, httpx, gevent, cryptography, click-repl, APScheduler, alembic, aiohttp, pyOpenSSL, pydantic-settings, pdfminer.six, opentelemetry-sdk, openai, langsmith, huggingface-hub, fastapi, edge-tts, Celery, tokenizers, python-alipay-sdk, pdfplumber, opentelemetry-exporter-otlp-proto-http, opentelemetry-exporter-otlp-proto-grpc, langchain-core, opentelemetry-exporter-otlp, langgraph-sdk, langgraph-checkpoint, faster-whisper, langgraph-prebuilt, langgraph-checkpoint-sqlite, langgraph-checkpoint-postgres, langgraph, xcagi
2026-09-18T06:39:57.0499952Z 
2026-09-18T06:39:57.0579517Z Successfully installed APScheduler-3.11.3 Celery-5.3.4 Mako-1.4.1 MarkupSafe-3.0.3 Pillow-12.3.0 PyJWT-2.14.0 PyYAML-6.0.3 SQLAlchemy-2.0.54 XlsxWriter-3.2.9 aiofiles-25.1.0 aiohappyeyeballs-2.7.1 aiohttp-3.14.3 aiosignal-1.4.0 aiosqlite-0.22.1 alembic-1.20.0 amqp-5.3.1 annotated-doc-0.0.5 annotated-types-0.8.0 anyio-4.15.1 attrs-26.1.0 av-17.1.0 bcrypt-5.0.0 billiard-4.3.0 certifi-2026.7.22 cffi-2.1.1 charset-normalizer-3.5.1 click-8.5.0 click-didyoumean-0.3.1 click-plugins-1.1.1.2 click-repl-0.4.0 cloudpickle-3.1.2 colorama-0.4.6 cryptography-50.0.1 ctranslate2-4.8.2 distro-1.9.0 dnspython-2.8.0 edge-tts-7.2.8 email-validator-2.3.0 et-xmlfile-2.0.0 fastapi-0.141.1 faster-whisper-1.2.1 filelock-4.0.0 flatbuffers-25.12.19 frozenlist-1.8.0 fsspec-2026.7.0 gevent-26.9.0 googleapis-common-protos-1.75.3 greenlet-3.5.6 grpcio-1.84.0 gunicorn-26.2.0 h11-0.16.0 hf-xet-1.6.0 httpcore-1.0.9 httpcore2-2.13.0 httptools-0.8.0 httpx-0.26.0 httpx2-2.13.0 huggingface-hub-1.32.0 idna-3.20 imageio-ffmpeg-0.6.0 jiter-0.17.0 joblib-1.6.0 jsonpatch-1.33 jsonpointer-3.1.1 kombu-5.6.2 langchain-core-1.6.3 langchain-protocol-0.0.19 langgraph-1.2.10 langgraph-checkpoint-4.1.1 langgraph-checkpoint-postgres-3.1.1 langgraph-checkpoint-sqlite-3.1.1 langgraph-prebuilt-1.1.0 langgraph-sdk-0.4.2 langsmith-0.12.6 lxml-6.1.3 multidict-6.8.0 narwhals-2.26.0 numpy-2.4.6 onnxruntime-1.30.0 openai-3.15.0 openpyxl-3.1.5 opentelemetry-api-1.44.0 opentelemetry-exporter-otlp-1.44.0 opentelemetry-exporter-otlp-proto-common-1.44.0 opentelemetry-exporter-otlp-proto-grpc-1.44.0 opentelemetry-exporter-otlp-proto-http-1.44.0 opentelemetry-proto-1.44.0 opentelemetry-sdk-1.44.0 opentelemetry-semantic-conventions-0.65b0 orjson-3.12.0 ormsgpack-1.12.2 packaging-26.3 pandas-3.0.6 passlib-1.7.4 pdfminer.six-20260107 pdfplumber-0.11.10 pgvector-0.5.0 prometheus_client-0.26.0 prompt_toolkit-3.0.53 propcache-0.5.4 protobuf-7.36.2 psutil-7.2.2 psycopg-3.3.5 psycopg-binary-3.3.5 psycopg-pool-3.3.1 pyOpenSSL-26.4.0 pycparser-3.0 pycryptodomex-3.23.0 pydantic-2.13.5 pydantic-core-2.46.5 pydantic-settings-2.15.0 pypdf-6.19.0 pypdfium2-5.13.0 python-alipay-sdk-3.4.0 python-dateutil-2.9.0.post0 python-docx-1.2.0 python-dotenv-1.2.3 python-multipart-0.0.32 python-pptx-1.0.2 redis-5.0.1 reportlab-5.0.1 requests-2.34.2 requests-toolbelt-1.0.0 scikit-learn-1.9.1 scipy-1.17.1 six-1.17.0 sniffio-1.3.1 socksio-1.0.0 sqlite-vec-0.1.9 starlette-1.6.0 tabulate-0.10.0 tenacity-9.1.4 threadpoolctl-3.7.0 tokenizers-0.23.2 tqdm-4.70.1 truststore-0.10.4 typing-extensions-4.16.0 typing-inspection-0.4.4 tzdata-2026.4 tzlocal-5.4.4 urllib3-2.8.0 uuid-utils-0.17.1 uvicorn-0.53.0 vine-5.1.0 watchfiles-1.2.0 wcwidth-0.8.4 websockets-15.0.1 xcagi-1.0.0.5 xlrd-2.0.2 xxhash-4.0.1 yarl-1.25.1 zope.event-6.2 zope.interface-8.6 zstandard-0.25.0
2026-09-18T06:39:59.7400838Z Collecting pyinstaller>=6.0
2026-09-18T06:39:59.9788638Z   Downloading pyinstaller-6.22.3-py3-none-win_amd64.whl.metadata (8.5 kB)
2026-09-18T06:40:00.0446395Z Collecting appdirs
2026-09-18T06:40:00.0596430Z   Downloading appdirs-1.4.4-py2.py3-none-any.whl.metadata (9.0 kB)
2026-09-18T06:40:00.1229725Z Collecting altgraph (from pyinstaller>=6.0)
2026-09-18T06:40:00.1378539Z   Downloading altgraph-0.17.5-py2.py3-none-any.whl.metadata (7.5 kB)
2026-09-18T06:40:00.1906101Z Requirement already satisfied: packaging>=22.0 in C:\hostedtoolcache\windows\Python\3.11.9\x64\Lib\site-packages (from pyinstaller>=6.0) (26.3)
2026-09-18T06:40:00.2219367Z Collecting pefile>=2022.5.30 (from pyinstaller>=6.0)
2026-09-18T06:40:00.2365903Z   Downloading pefile-2024.8.26-py3-none-any.whl.metadata (1.4 kB)
2026-09-18T06:40:00.2887981Z Collecting pyinstaller-hooks-contrib>=2026.7 (from pyinstaller>=6.0)
2026-09-18T06:40:00.3037391Z   Downloading pyinstaller_hooks_contrib-2026.7-py3-none-any.whl.metadata (16 kB)
2026-09-18T06:40:00.3610891Z Collecting pywin32-ctypes>=0.2.1 (from pyinstaller>=6.0)
2026-09-18T06:40:00.3757960Z   Downloading pywin32_ctypes-0.2.3-py3-none-any.whl.metadata (3.9 kB)
2026-09-18T06:40:00.3939640Z Requirement already satisfied: setuptools>=42.0.0 in C:\hostedtoolcache\windows\Python\3.11.9\x64\Lib\site-packages (from pyinstaller>=6.0) (65.5.0)
2026-09-18T06:40:00.4237336Z Downloading pyinstaller-6.22.3-py3-none-win_amd64.whl (1.5 MB)
2026-09-18T06:40:00.5114271Z    ---------------------------------------- 1.5/1.5 MB 25.4 MB/s  0:00:00
2026-09-18T06:40:00.5262035Z Downloading appdirs-1.4.4-py2.py3-none-any.whl (9.6 kB)
2026-09-18T06:40:00.5539683Z Downloading pefile-2024.8.26-py3-none-any.whl (74 kB)
2026-09-18T06:40:00.5836689Z Downloading pyinstaller_hooks_contrib-2026.7-py3-none-any.whl (459 kB)
2026-09-18T06:40:00.6164464Z Downloading pywin32_ctypes-0.2.3-py3-none-any.whl (30 kB)
2026-09-18T06:40:00.6471010Z Downloading altgraph-0.17.5-py2.py3-none-any.whl (21 kB)
2026-09-18T06:40:00.8753542Z Installing collected packages: appdirs, altgraph, pywin32-ctypes, pyinstaller-hooks-contrib, pefile, pyinstaller
2026-09-18T06:40:04.1050801Z 
2026-09-18T06:40:04.1112923Z Successfully installed altgraph-0.17.5 appdirs-1.4.4 pefile-2024.8.26 pyinstaller-6.22.3 pyinstaller-hooks-contrib-2026.7 pywin32-ctypes-0.2.3
2026-09-18T06:40:04.2043080Z Wrote version marker: D:\a\XCMAX\XCMAX\FHD\release\VERSION
2026-09-18T06:40:04.2524707Z wrote D:\a\XCMAX\XCMAX\FHD\build\staged-mods-enterprise\mods-index.json (13 mods)
2026-09-18T06:40:04.8124256Z 442 INFO: PyInstaller: 6.22.3, contrib hooks: 2026.7
2026-09-18T06:40:04.8124891Z 442 INFO: Python: 3.11.9
2026-09-18T06:40:04.8204874Z 450 INFO: Platform: Windows-10-10.0.26100-SP0
2026-09-18T06:40:04.8205440Z 450 INFO: Python environment: C:\hostedtoolcache\windows\Python\3.11.9\x64
2026-09-18T06:40:04.8276118Z 456 INFO: Removing temporary files and cleaning cache in C:\Users\runneradmin\AppData\Local\pyinstaller
2026-09-18T06:40:10.6143951Z 1892 INFO: IntentReflexArc initialized (SLA: <1ms)
2026-09-18T06:40:10.6412563Z 1918 INFO: 意图配置已加载: D:\a\XCMAX\XCMAX\FHD\resources\config\intent_config.yaml
2026-09-18T06:40:18.0282658Z 1269 INFO: IntentReflexArc initialized (SLA: <1ms)
2026-09-18T06:40:18.0548792Z 1294 INFO: 意图配置已加载: D:\a\XCMAX\XCMAX\FHD\resources\config\intent_config.yaml
2026-09-18T06:40:20.8714949Z 310 INFO: setup plugin alembic.autogenerate.schemas
2026-09-18T06:40:20.8716316Z 310 INFO: setup plugin alembic.autogenerate.tables
2026-09-18T06:40:20.8717016Z 310 INFO: setup plugin alembic.autogenerate.types
2026-09-18T06:40:20.8717713Z 310 INFO: setup plugin alembic.autogenerate.constraints
2026-09-18T06:40:20.8718400Z 310 INFO: setup plugin alembic.autogenerate.defaults
2026-09-18T06:40:20.8719134Z 310 INFO: setup plugin alembic.autogenerate.comments
2026-09-18T06:40:20.8719908Z 310 INFO: setup plugin alembic.ext.checkconstraint_byname
2026-09-18T06:40:20.9716085Z 410 WARNING: Failed to collect submodules for 'alembic.testing.suite' because importing 'alembic.testing.suite' raised: AttributeError: 'SuiteRequirements' object has no attribute 'comments'
2026-09-18T06:40:23.1677628Z 632 INFO: HTTP Request: GET https://huggingface.co/api/agent-harnesses "HTTP/1.1 200 OK"
2026-09-18T06:40:25.6528712Z 21282 INFO: Module search paths (PYTHONPATH):
2026-09-18T06:40:25.6529203Z ['D:\\a\\XCMAX\\XCMAX\\FHD',
2026-09-18T06:40:25.6529614Z  'C:\\hostedtoolcache\\windows\\Python\\3.11.9\\x64\\python311.zip',
2026-09-18T06:40:25.6530086Z  'C:\\hostedtoolcache\\windows\\Python\\3.11.9\\x64\\DLLs',
2026-09-18T06:40:25.6530481Z  'C:\\hostedtoolcache\\windows\\Python\\3.11.9\\x64\\Lib',
2026-09-18T06:40:25.6530855Z  'C:\\hostedtoolcache\\windows\\Python\\3.11.9\\x64',
2026-09-18T06:40:25.6531273Z  'C:\\hostedtoolcache\\windows\\Python\\3.11.9\\x64\\Lib\\site-packages',
2026-09-18T06:40:25.6531687Z  'D:\\a\\XCMAX\\XCMAX\\FHD\\XCAGI',
2026-09-18T06:40:25.6531949Z  'D:\\a\\XCMAX\\XCMAX\\FHD']
2026-09-18T06:40:25.9371086Z 21566 INFO: Appending 'binaries' from .spec
2026-09-18T06:40:25.9374528Z 21567 INFO: Appending 'datas' from .spec
2026-09-18T06:40:26.0058464Z 21635 INFO: checking Analysis
2026-09-18T06:40:26.0059251Z 21635 INFO: Building Analysis because Analysis-00.toc is non existent
2026-09-18T06:40:26.0059884Z 21635 INFO: Looking for Python shared library...
2026-09-18T06:40:26.0062088Z 21636 INFO: Using Python shared library: C:\hostedtoolcache\windows\Python\3.11.9\x64\python311.dll
2026-09-18T06:40:26.0063065Z 21636 INFO: Running Analysis Analysis-00.toc
2026-09-18T06:40:26.0063667Z 21636 INFO: Target bytecode optimization level: 0
2026-09-18T06:40:26.0064233Z 21636 INFO: Initializing module dependency graph...
2026-09-18T06:40:26.0073034Z 21637 INFO: Initializing module graph hook caches...
2026-09-18T06:40:26.0242767Z 21654 INFO: Analyzing modules for base_library.zip ...
2026-09-18T06:40:26.8191981Z 22447 INFO: Processing standard module hook 'hook-heapq.py' from 'C:\\hostedtoolcache\\windows\\Python\\3.11.9\\x64\\Lib\\site-packages\\PyInstaller\\hooks'
2026-09-18T06:40:26.9087283Z 22537 INFO: Processing standard module hook 'hook-encodings.py' from 'C:\\hostedtoolcache\\windows\\Python\\3.11.9\\x64\\Lib\\site-packages\\PyInstaller\\hooks'
2026-09-18T06:40:28.6552516Z 24285 INFO: Processing standard module hook 'hook-math.py' from 'C:\\hostedtoolcache\\windows\\Python\\3.11.9\\x64\\Lib\\site-packages\\PyInstaller\\hooks'
2026-09-18T06:40:28.7611940Z 24389 INFO: Processing standard module hook 'hook-pickle.py' from 'C:\\hostedtoolcache\\windows\\Python\\3.11.9\\x64\\Lib\\site-packages\\PyInstaller\\hooks'
2026-09-18T06:40:30.3944679Z 26023 INFO: Caching module dependency graph...
2026-09-18T06:40:30.4472197Z 26075 INFO: Analyzing D:\a\XCMAX\XCMAX\FHD\XCAGI\run_fastapi.py
2026-09-18T06:40:30.4896342Z 26118 INFO: Processing standard module hook 'hook-av.py' from 'C:\\hostedtoolcache\\windows\\Python\\3.11.9\\x64\\Lib\\site-packages\\_pyinstaller_hooks_contrib\\stdhooks'
2026-09-18T06:40:30.7856247Z 26414 INFO: Processing standard module hook 'hook-numpy.py' from 'C:\\hostedtoolcache\\windows\\Python\\3.11.9\\x64\\Lib\\site-packages\\PyInstaller\\hooks'
2026-09-18T06:40:31.1227935Z 26751 INFO: Processing pre-safe-import-module hook 'hook-typing_extensions.py' from 'C:\\hostedtoolcache\\windows\\Python\\3.11.9\\x64\\Lib\\site-packages\\PyInstaller\\hooks\\pre_safe_import_module'
2026-09-18T06:40:31.1233874Z 26751 INFO: SetuptoolsInfo: initializing cached setuptools info...
2026-09-18T06:40:31.9075319Z 27537 INFO: Processing standard module hook 'hook-multiprocessing.util.py' from 'C:\\hostedtoolcache\\windows\\Python\\3.11.9\\x64\\Lib\\site-packages\\PyInstaller\\hooks'
2026-09-18T06:40:32.1205151Z 27750 INFO: Processing standard module hook 'hook-xml.py' from 'C:\\hostedtoolcache\\windows\\Python\\3.11.9\\x64\\Lib\\site-packages\\PyInstaller\\hooks'
2026-09-18T06:40:32.3820019Z 28011 INFO: Processing standard module hook 'hook-_ctypes.py' from 'C:\\hostedtoolcache\\windows\\Python\\3.11.9\\x64\\Lib\\site-packages\\PyInstaller\\hooks'
2026-09-18T06:40:32.8973798Z 28527 INFO: Processing standard module hook 'hook-difflib.py' from 'C:\\hostedtoolcache\\windows\\Python\\3.11.9\\x64\\Lib\\site-packages\\PyInstaller\\hooks'
2026-09-18T06:40:33.3457989Z 28973 INFO: Processing standard module hook 'hook-sysconfig.py' from 'C:\\hostedtoolcache\\windows\\Python\\3.11.9\\x64\\Lib\\site-packages\\PyInstaller\\hooks'
2026-09-18T06:40:33.4219018Z 29051 INFO: Processing standard module hook 'hook-platform.py' from 'C:\\hostedtoolcache\\windows\\Python\\3.11.9\\x64\\Lib\\site-packages\\PyInstaller\\hooks'
2026-09-18T06:40:33.8951370Z 29524 INFO: Processing standard module hook 'hook-webbrowser.py' from 'C:\\hostedtoolcache\\windows\\Python\\3.11.9\\x64\\Lib\\site-packages\\PyInstaller\\hooks'
2026-09-18T06:40:33.9385512Z 29568 INFO: Processing standard module hook 'hook-psutil.py' from 'C:\\hostedtoolcache\\windows\\Python\\3.11.9\\x64\\Lib\\site-packages\\_pyinstaller_hooks_contrib\\stdhooks'
2026-09-18T06:40:35.3028301Z 30931 INFO: Processing standard module hook 'hook-charset_normalizer.py' from 'C:\\hostedtoolcache\\windows\\Python\\3.11.9\\x64\\Lib\\site-packages\\_pyinstaller_hooks_contrib\\stdhooks'
2026-09-18T06:40:35.9231127Z 31553 INFO: Processing standard module hook 'hook-pandas.py' from 'C:\\hostedtoolcache\\windows\\Python\\3.11.9\\x64\\Lib\\site-packages\\PyInstaller\\hooks'
2026-09-18T06:40:37.0450505Z 32674 INFO: Processing standard module hook 'hook-zoneinfo.py' from 'C:\\hostedtoolcache\\windows\\Python\\3.11.9\\x64\\Lib\\site-packages\\_pyinstaller_hooks_contrib\\stdhooks'
2026-09-18T06:40:38.4316391Z 34061 INFO: Processing standard module hook 'hook-pandas.io.formats.style.py' from 'C:\\hostedtoolcache\\windows\\Python\\3.11.9\\x64\\Lib\\site-packages\\PyInstaller\\hooks'
2026-09-18T06:40:40.8917389Z 36519 INFO: Processing standard module hook 'hook-pandas.plotting.py' from 'C:\\hostedtoolcache\\windows\\Python\\3.11.9\\x64\\Lib\\site-packages\\PyInstaller\\hooks'
2026-09-18T06:40:41.6206961Z 37248 INFO: Processing standard module hook 'hook-dateutil.py' from 'C:\\hostedtoolcache\\windows\\Python\\3.11.9\\x64\\Lib\\site-packages\\_pyinstaller_hooks_contrib\\stdhooks'
2026-09-18T06:40:41.7524953Z 37381 INFO: Processing pre-safe-import-module hook 'hook-six.moves.py' from 'C:\\hostedtoolcache\\windows\\Python\\3.11.9\\x64\\Lib\\site-packages\\PyInstaller\\hooks\\pre_safe_import_module'
2026-09-18T06:40:42.5897580Z 38218 INFO: Processing standard module hook 'hook-openpyxl.py' from 'C:\\hostedtoolcache\\windows\\Python\\3.11.9\\x64\\Lib\\site-packages\\_pyinstaller_hooks_contrib\\stdhooks'
2026-09-18T06:40:42.7135299Z 38343 INFO: Processing standard module hook 'hook-lxml.py' from 'C:\\hostedtoolcache\\windows\\Python\\3.11.9\\x64\\Lib\\site-packages\\_pyinstaller_hooks_contrib\\stdhooks'
2026-09-18T06:40:42.9516520Z 38581 INFO: Processing standard module hook 'hook-lxml.etree.py' from 'C:\\hostedtoolcache\\windows\\Python\\3.11.9\\x64\\Lib\\site-packages\\_pyinstaller_hooks_contrib\\stdhooks'
2026-09-18T06:40:43.0932945Z 38722 INFO: Processing standard module hook 'hook-xml.etree.cElementTree.py' from 'C:\\hostedtoolcache\\windows\\Python\\3.11.9\\x64\\Lib\\site-packages\\PyInstaller\\hooks'
2026-09-18T06:40:43.3889409Z 39018 INFO: Processing standard module hook 'hook-PIL.py' from 'C:\\hostedtoolcache\\windows\\Python\\3.11.9\\x64\\Lib\\site-packages\\PyInstaller\\hooks'
2026-09-18T06:40:43.6185702Z 39248 INFO: Processing standard module hook 'hook-PIL.Image.py' from 'C:\\hostedtoolcache\\windows\\Python\\3.11.9\\x64\\Lib\\site-packages\\PyInstaller\\hooks'
2026-09-18T06:40:44.0096630Z 39639 INFO: Processing standard module hook 'hook-PIL.ImageFilter.py' from 'C:\\hostedtoolcache\\windows\\Python\\3.11.9\\x64\\Lib\\site-packages\\PyInstaller\\hooks'
2026-09-18T06:40:46.2070278Z 41836 INFO: Processing standard module hook 'hook-sqlalchemy.py' from 'C:\\hostedtoolcache\\windows\\Python\\3.11.9\\x64\\Lib\\site-packages\\PyInstaller\\hooks'
2026-09-18T06:40:46.8490545Z 42478 INFO: Processing pre-safe-import-module hook 'hook-importlib_metadata.py' from 'C:\\hostedtoolcache\\windows\\Python\\3.11.9\\x64\\Lib\\site-packages\\PyInstaller\\hooks\\pre_safe_import_module'
2026-09-18T06:40:50.2258357Z 45855 INFO: Processing standard module hook 'hook-sqlite3.py' from 'C:\\hostedtoolcache\\windows\\Python\\3.11.9\\x64\\Lib\\site-packages\\PyInstaller\\hooks'
2026-09-18T06:40:50.4653727Z 46095 INFO: Processing standard module hook 'hook-pandas.io.clipboard.py' from 'C:\\hostedtoolcache\\windows\\Python\\3.11.9\\x64\\Lib\\site-packages\\PyInstaller\\hooks'
2026-09-18T06:40:50.5367857Z 46166 INFO: Processing standard module hook 'hook-fsspec.py' from 'C:\\hostedtoolcache\\windows\\Python\\3.11.9\\x64\\Lib\\site-packages\\_pyinstaller_hooks_contrib\\stdhooks'
2026-09-18T06:40:51.0290384Z 46657 INFO: Processing pre-safe-import-module hook 'hook-backports.py' from 'C:\\hostedtoolcache\\windows\\Python\\3.11.9\\x64\\Lib\\site-packages\\PyInstaller\\hooks\\pre_safe_import_module'
2026-09-18T06:40:51.1351572Z 46764 INFO: Processing standard module hook 'hook-xml.dom.domreg.py' from 'C:\\hostedtoolcache\\windows\\Python\\3.11.9\\x64\\Lib\\site-packages\\PyInstaller\\hooks'
2026-09-18T06:40:51.8759934Z 47504 INFO: Processing pre-safe-import-module hook 'hook-importlib_resources.py' from 'C:\\hostedtoolcache\\windows\\Python\\3.11.9\\x64\\Lib\\site-packages\\PyInstaller\\hooks\\pre_safe_import_module'
2026-09-18T06:40:52.1437498Z 47773 INFO: Processing standard module hook 'hook-certifi.py' from 'C:\\hostedtoolcache\\windows\\Python\\3.11.9\\x64\\Lib\\site-packages\\_pyinstaller_hooks_contrib\\stdhooks'
2026-09-18T06:40:52.3595848Z 47987 INFO: Processing standard module hook 'hook-anyio.py' from 'C:\\hostedtoolcache\\windows\\Python\\3.11.9\\x64\\Lib\\site-packages\\_pyinstaller_hooks_contrib\\stdhooks'
2026-09-18T06:40:53.8159746Z 49445 INFO: Processing standard module hook 'hook-pydantic.py' from 'C:\\hostedtoolcache\\windows\\Python\\3.11.9\\x64\\Lib\\site-packages\\_pyinstaller_hooks_contrib\\stdhooks'
2026-09-18T06:40:55.1499002Z 50779 INFO: Processing standard module hook 'hook-dns.rdata.py' from 'C:\\hostedtoolcache\\windows\\Python\\3.11.9\\x64\\Lib\\site-packages\\_pyinstaller_hooks_contrib\\stdhooks'
2026-09-18T06:40:59.2570721Z 54886 INFO: Processing pre-safe-import-module hook 'hook-packaging.py' from 'C:\\hostedtoolcache\\windows\\Python\\3.11.9\\x64\\Lib\\site-packages\\PyInstaller\\hooks\\pre_safe_import_module'
2026-09-18T06:41:00.5409878Z 56170 INFO: Processing standard module hook 'hook-cryptography.py' from 'C:\\hostedtoolcache\\windows\\Python\\3.11.9\\x64\\Lib\\site-packages\\_pyinstaller_hooks_contrib\\stdhooks'
2026-09-18T06:41:02.4346840Z 58064 INFO: hook-cryptography: cryptography does not seem to be using dynamically linked OpenSSL.
2026-09-18T06:41:02.8998488Z 58529 INFO: Processing standard module hook 'hook-reportlab.pdfbase._fontdata.py' from 'C:\\hostedtoolcache\\windows\\Python\\3.11.9\\x64\\Lib\\site-packages\\_pyinstaller_hooks_contrib\\stdhooks'
2026-09-18T06:41:03.2719163Z 58900 INFO: Processing standard module hook 'hook-reportlab.lib.utils.py' from 'C:\\hostedtoolcache\\windows\\Python\\3.11.9\\x64\\Lib\\site-packages\\_pyinstaller_hooks_contrib\\stdhooks'
2026-09-18T06:41:05.7124666Z 61342 INFO: Processing pre-safe-import-module hook 'hook-distutils.py' from 'C:\\hostedtoolcache\\windows\\Python\\3.11.9\\x64\\Lib\\site-packages\\PyInstaller\\hooks\\pre_safe_import_module'
2026-09-18T06:41:05.7126723Z 61342 INFO: Processing pre-find-module-path hook 'hook-distutils.py' from 'C:\\hostedtoolcache\\windows\\Python\\3.11.9\\x64\\Lib\\site-packages\\PyInstaller\\hooks\\pre_find_module_path'
2026-09-18T06:41:06.0913579Z 61719 INFO: Processing standard module hook 'hook-distutils.py' from 'C:\\hostedtoolcache\\windows\\Python\\3.11.9\\x64\\Lib\\site-packages\\PyInstaller\\hooks'
2026-09-18T06:41:06.1081894Z 61737 INFO: Processing standard module hook 'hook-distutils.util.py' from 'C:\\hostedtoolcache\\windows\\Python\\3.11.9\\x64\\Lib\\site-packages\\PyInstaller\\hooks'
2026-09-18T06:41:06.1659667Z 61794 INFO: Processing standard module hook 'hook-_osx_support.py' from 'C:\\hostedtoolcache\\windows\\Python\\3.11.9\\x64\\Lib\\site-packages\\PyInstaller\\hooks'
2026-09-18T06:41:07.2887235Z 62918 INFO: Processing standard module hook 'hook-bcrypt.py' from 'C:\\hostedtoolcache\\windows\\Python\\3.11.9\\x64\\Lib\\site-packages\\_pyinstaller_hooks_contrib\\stdhooks'
2026-09-18T06:41:07.3084019Z 62938 INFO: Processing standard module hook 'hook-urllib3.py' from 'C:\\hostedtoolcache\\windows\\Python\\3.11.9\\x64\\Lib\\site-packages\\_pyinstaller_hooks_contrib\\stdhooks'
2026-09-18T06:41:08.7893235Z 64419 INFO: Processing standard module hook 'hook-psycopg_binary.py' from 'C:\\hostedtoolcache\\windows\\Python\\3.11.9\\x64\\Lib\\site-packages\\_pyinstaller_hooks_contrib\\stdhooks'
2026-09-18T06:41:10.0295035Z 65659 INFO: Processing pre-safe-import-module hook 'hook-tomli.py' from 'C:\\hostedtoolcache\\windows\\Python\\3.11.9\\x64\\Lib\\site-packages\\PyInstaller\\hooks\\pre_safe_import_module'
2026-09-18T06:41:10.3688327Z 65998 INFO: Processing standard module hook 'hook-mako.codegen.py' from 'C:\\hostedtoolcache\\windows\\Python\\3.11.9\\x64\\Lib\\site-packages\\_pyinstaller_hooks_contrib\\stdhooks'
2026-09-18T06:41:12.5014694Z 68131 INFO: Processing standard module hook 'hook-pdfminer.py' from 'C:\\hostedtoolcache\\windows\\Python\\3.11.9\\x64\\Lib\\site-packages\\_pyinstaller_hooks_contrib\\stdhooks'
2026-09-18T06:41:13.5708260Z 69200 INFO: Processing standard module hook 'hook-docx.py' from 'C:\\hostedtoolcache\\windows\\Python\\3.11.9\\x64\\Lib\\site-packages\\_pyinstaller_hooks_contrib\\stdhooks'
2026-09-18T06:41:19.0383867Z 74668 INFO: Processing standard module hook 'hook-websockets.py' from 'C:\\hostedtoolcache\\windows\\Python\\3.11.9\\x64\\Lib\\site-packages\\_pyinstaller_hooks_contrib\\stdhooks'
2026-09-18T06:41:22.9351806Z 78564 INFO: Processing standard module hook 'hook-pptx.py' from 'C:\\hostedtoolcache\\windows\\Python\\3.11.9\\x64\\Lib\\site-packages\\_pyinstaller_hooks_contrib\\stdhooks'
2026-09-18T06:41:26.6677527Z 82297 INFO: Processing standard module hook 'hook-pycparser.py' from 'C:\\hostedtoolcache\\windows\\Python\\3.11.9\\x64\\Lib\\site-packages\\_pyinstaller_hooks_contrib\\stdhooks'
2026-09-18T06:41:26.9763652Z 82606 INFO: Processing standard module hook 'hook-setuptools.py' from 'C:\\hostedtoolcache\\windows\\Python\\3.11.9\\x64\\Lib\\site-packages\\PyInstaller\\hooks'
2026-09-18T06:41:27.2149216Z 82843 INFO: Processing standard module hook 'hook-pkg_resources.py' from 'C:\\hostedtoolcache\\windows\\Python\\3.11.9\\x64\\Lib\\site-packages\\PyInstaller\\hooks'
2026-09-18T06:41:32.6989639Z 88328 INFO: Processing standard module hook 'hook-gevent.py' from 'C:\\hostedtoolcache\\windows\\Python\\3.11.9\\x64\\Lib\\site-packages\\PyInstaller\\hooks'
2026-09-18T06:41:33.8435201Z 89471 INFO: Processing standard module hook 'hook-zope.interface.py' from 'C:\\hostedtoolcache\\windows\\Python\\3.11.9\\x64\\Lib\\site-packages\\PyInstaller\\hooks'
2026-09-18T06:41:35.4171805Z 91046 INFO: Processing standard module hook 'hook-wcwidth.py' from 'C:\\hostedtoolcache\\windows\\Python\\3.11.9\\x64\\Lib\\site-packages\\PyInstaller\\hooks'
2026-09-18T06:41:36.4266661Z 92055 INFO: Processing standard module hook 'hook-shelve.py' from 'C:\\hostedtoolcache\\windows\\Python\\3.11.9\\x64\\Lib\\site-packages\\PyInstaller\\hooks'
2026-09-18T06:41:40.8445511Z 96473 INFO: Processing standard module hook 'hook-orjson.py' from 'C:\\hostedtoolcache\\windows\\Python\\3.11.9\\x64\\Lib\\site-packages\\_pyinstaller_hooks_contrib\\stdhooks'
2026-09-18T06:41:42.0273250Z 97656 INFO: Processing standard module hook 'hook-ormsgpack.py' from 'C:\\hostedtoolcache\\windows\\Python\\3.11.9\\x64\\Lib\\site-packages\\ormsgpack\\_pyinstaller'
2026-09-18T06:41:44.4665554Z 100095 INFO: Processing standard module hook 'hook-uvicorn.py' from 'C:\\hostedtoolcache\\windows\\Python\\3.11.9\\x64\\Lib\\site-packages\\_pyinstaller_hooks_contrib\\stdhooks'
2026-09-18T06:41:45.1943186Z 100823 INFO: Analyzing hidden import 'appdirs'
2026-09-18T06:41:45.2049543Z 100833 INFO: Processing standard module hook 'hook-appdirs.py' from 'C:\\hostedtoolcache\\windows\\Python\\3.11.9\\x64\\Lib\\site-packages\\_pyinstaller_hooks_contrib\\stdhooks'
2026-09-18T06:41:45.2061963Z 100835 INFO: Analyzing hidden import 'app.desktop_runtime.cache'
2026-09-18T06:41:45.2086937Z 100837 INFO: Analyzing hidden import 'app.desktop_runtime.logging_setup'
2026-09-18T06:41:45.2102851Z 100839 INFO: Analyzing hidden import 'app.desktop_runtime.sunbird_delivery_seed'
2026-09-18T06:41:45.2110519Z 100839 INFO: Analyzing hidden import 'app.fastapi_routes._shared'
2026-09-18T06:41:45.2130451Z 100841 INFO: Analyzing hidden import 'app.fastapi_routes.ai_assistant'
2026-09-18T06:41:45.2357962Z 100865 INFO: Analyzing hidden import 'app.fastapi_routes.ai_intent'
2026-09-18T06:41:45.2445759Z 100873 INFO: Analyzing hidden import 'app.fastapi_routes.ai_kitten'
2026-09-18T06:41:45.2563031Z 100885 INFO: Analyzing hidden import 'app.fastapi_routes.ai_open'
2026-09-18T06:41:45.2751939Z 100903 INFO: Analyzing hidden import 'app.fastapi_routes.ai_qclaw'
2026-09-18T06:41:45.2811724Z 100911 INFO: Analyzing hidden import 'app.fastapi_routes.aibiz_terminal_api'
2026-09-18T06:41:45.3182622Z 100946 INFO: Analyzing hidden import 'app.fastapi_routes.approval'
2026-09-18T06:41:45.3821818Z 101012 INFO: Analyzing hidden import 'app.fastapi_routes.business_api'
2026-09-18T06:41:45.3903886Z 101020 INFO: Analyzing hidden import 'app.fastapi_routes.code_editor'
2026-09-18T06:41:45.4009783Z 101031 INFO: Analyzing hidden import 'app.fastapi_routes.contract_lifecycle_api'
2026-09-18T06:41:45.4645191Z 101094 INFO: Analyzing hidden import 'app.fastapi_routes.dataset_access'
2026-09-18T06:41:45.4704342Z 101100 INFO: Analyzing hidden import 'app.fastapi_routes.debug_client_log'
2026-09-18T06:41:45.4748612Z 101103 INFO: Analyzing hidden import 'app.fastapi_routes.document_templates'
2026-09-18T06:41:45.4765177Z 101105 INFO: Analyzing hidden import 'app.fastapi_routes.domain_registry'
2026-09-18T06:41:45.4810641Z 101109 INFO: Analyzing hidden import 'app.fastapi_routes.domains.admin_audit'
2026-09-18T06:41:45.4816407Z 101109 INFO: Analyzing hidden import 'app.fastapi_routes.domains.admin_audit.routes'
2026-09-18T06:41:45.4872027Z 101116 INFO: Analyzing hidden import 'app.fastapi_routes.domains.agent'
2026-09-18T06:41:45.5552685Z 101185 INFO: Analyzing hidden import 'app.fastapi_routes.domains.conversation'
2026-09-18T06:41:45.5558135Z 101185 INFO: Analyzing hidden import 'app.fastapi_routes.domains.conversation.helpers'
2026-09-18T06:41:45.6226434Z 101252 INFO: Analyzing hidden import 'app.fastapi_routes.domains.conversation.routes'
2026-09-18T06:41:45.6295228Z 101258 INFO: Analyzing hidden import 'app.fastapi_routes.domains.db'
2026-09-18T06:41:45.6300815Z 101258 INFO: Analyzing hidden import 'app.fastapi_routes.domains.db.base'
2026-09-18T06:41:45.6312070Z 101260 INFO: Analyzing hidden import 'app.fastapi_routes.domains.db.product_queries'
2026-09-18T06:41:45.6319513Z 101260 INFO: Analyzing hidden import 'app.fastapi_routes.domains.db.queries'
2026-09-18T06:41:45.6327831Z 101262 INFO: Analyzing hidden import 'app.fastapi_routes.domains.db.writes'
2026-09-18T06:41:45.6336229Z 101262 INFO: Analyzing hidden import 'app.fastapi_routes.domains.excel'
2026-09-18T06:41:45.6340965Z 101262 INFO: Analyzing hidden import 'app.fastapi_routes.domains.excel.agent_helpers'
2026-09-18T06:41:45.6389453Z 101268 INFO: Analyzing hidden import 'app.fastapi_routes.domains.excel.routes'
2026-09-18T06:41:45.6534397Z 101283 INFO: Analyzing hidden import 'app.fastapi_routes.domains.genai_traces'
2026-09-18T06:41:45.6540077Z 101283 INFO: Analyzing hidden import 'app.fastapi_routes.domains.genai_traces.routes'
2026-09-18T06:41:45.6566037Z 101286 INFO: Analyzing hidden import 'app.fastapi_routes.domains.inventory'
2026-09-18T06:41:45.6570515Z 101287 INFO: Analyzing hidden import 'app.fastapi_routes.domains.inventory.routes'
2026-09-18T06:41:45.6578005Z 101287 INFO: Analyzing hidden import 'app.fastapi_routes.domains.misc.memory_v2_agent'
2026-09-18T06:41:45.6627731Z 101292 INFO: Analyzing hidden import 'app.fastapi_routes.domains.misc.persona_route_helpers'
2026-09-18T06:41:45.6637774Z 101292 INFO: Analyzing hidden import 'app.fastapi_routes.domains.misc.routes'
2026-09-18T06:41:45.6815541Z 101310 INFO: Analyzing hidden import 'app.fastapi_routes.domains.shipment'
2026-09-18T06:41:45.6820406Z 101312 INFO: Analyzing hidden import 'app.fastapi_routes.domains.shipment.routes'
2026-09-18T06:41:45.6905745Z 101319 INFO: Analyzing hidden import 'app.fastapi_routes.domains.static'
2026-09-18T06:41:45.6910115Z 101319 INFO: Analyzing hidden import 'app.fastapi_routes.domains.static.routes'
2026-09-18T06:41:45.7250000Z 101353 INFO: Analyzing hidden import 'app.fastapi_routes.domains.system'
2026-09-18T06:41:45.7255476Z 101355 INFO: Analyzing hidden import 'app.fastapi_routes.domains.system.admin_llm_handlers'
2026-09-18T06:41:45.7265867Z 101355 INFO: Analyzing hidden import 'app.fastapi_routes.domains.system.agent_handlers'
2026-09-18T06:41:45.7491907Z 101377 INFO: Analyzing hidden import 'app.fastapi_routes.domains.system.host_routers'
2026-09-18T06:41:45.7498737Z 101379 INFO: Analyzing hidden import 'app.fastapi_routes.domains.template'
2026-09-18T06:41:45.7503161Z 101379 INFO: Analyzing hidden import 'app.fastapi_routes.domains.template.routes'
2026-09-18T06:41:45.7660852Z 101395 INFO: Analyzing hidden import 'app.fastapi_routes.domains.workflow'
2026-09-18T06:41:45.7665431Z 101395 INFO: Analyzing hidden import 'app.fastapi_routes.domains.workflow.routes'
2026-09-18T06:41:45.9838939Z 101613 INFO: Analyzing hidden import 'app.fastapi_routes.employee_im_internal_api'
2026-09-18T06:41:46.5753074Z 102204 INFO: Analyzing hidden import 'app.fastapi_routes.etl'
2026-09-18T06:41:46.5883822Z 102218 INFO: Analyzing hidden import 'app.fastapi_routes.etl_targets'
2026-09-18T06:41:46.5911837Z 102220 INFO: Analyzing hidden import 'app.fastapi_routes.excel_extract'
2026-09-18T06:41:46.6292867Z 102258 INFO: Analyzing hidden import 'app.fastapi_routes.excel_templates'
2026-09-18T06:41:46.6307958Z 102260 INFO: Analyzing hidden import 'app.fastapi_routes.fhd_meta'
2026-09-18T06:41:46.6322812Z 102262 INFO: Analyzing hidden import 'app.fastapi_routes.finance_invoices_api'
2026-09-18T06:41:46.6399403Z 102269 INFO: Analyzing hidden import 'app.fastapi_routes.finance_unified_ledger'
2026-09-18T06:41:46.6438526Z 102274 INFO: Analyzing hidden import 'app.fastapi_routes.founder_autonomy_api'
2026-09-18T06:41:46.7523293Z 102382 INFO: Analyzing hidden import 'app.fastapi_routes.health_k8s'
2026-09-18T06:41:46.7596828Z 102388 INFO: Analyzing hidden import 'app.fastapi_routes.internal_im'
2026-09-18T06:41:47.0039936Z 102634 INFO: Analyzing hidden import 'app.fastapi_routes.mod_runtime_frontend'
2026-09-18T06:41:47.0119449Z 102641 INFO: Analyzing hidden import 'app.fastapi_routes.model_payment'
2026-09-18T06:41:47.0681497Z 102697 INFO: Processing standard module hook 'hook-Cryptodome.py' from 'C:\\hostedtoolcache\\windows\\Python\\3.11.9\\x64\\Lib\\site-packages\\_pyinstaller_hooks_contrib\\stdhooks'
2026-09-18T06:41:47.8829855Z 103512 INFO: Analyzing hidden import 'app.fastapi_routes.mods_routes'
2026-09-18T06:41:47.8968558Z 103526 INFO: Analyzing hidden import 'app.fastapi_routes.mounts.compat'
2026-09-18T06:41:47.8979145Z 103526 INFO: Analyzing hidden import 'app.fastapi_routes.operations_line_api'
2026-09-18T06:41:47.9114215Z 103540 INFO: Analyzing hidden import 'app.fastapi_routes.ops_autonomy'
2026-09-18T06:41:47.9235828Z 103553 INFO: Analyzing hidden import 'app.fastapi_routes.order_event_webhook'
2026-09-18T06:41:47.9325587Z 103562 INFO: Analyzing hidden import 'app.fastapi_routes.payment_reconcile_internal_api'
2026-09-18T06:41:47.9365888Z 103566 INFO: Analyzing hidden import 'app.fastapi_routes.private_mod_delivery_progress_routes'
2026-09-18T06:41:47.9555960Z 103585 INFO: Analyzing hidden import 'app.fastapi_routes.private_mod_delivery_routes'
2026-09-18T06:41:47.9654471Z 103594 INFO: Analyzing hidden import 'app.fastapi_routes.production_line_event_api'
2026-09-18T06:41:47.9884833Z 103618 INFO: Analyzing hidden import 'app.fastapi_routes.rbac'
2026-09-18T06:41:47.9952193Z 103623 INFO: Analyzing hidden import 'app.fastapi_routes.reports'
2026-09-18T06:41:47.9990402Z 103627 INFO: Analyzing hidden import 'app.fastapi_routes.sales_contract_api'
2026-09-18T06:41:48.0011248Z 103629 INFO: Analyzing hidden import 'app.fastapi_routes.shipment'
2026-09-18T06:41:48.0030984Z 103632 INFO: Analyzing hidden import 'app.fastapi_routes.shipment_api_order_routes'
2026-09-18T06:41:48.0105164Z 103640 INFO: Analyzing hidden import 'app.fastapi_routes.six_line_webhook_api'
2026-09-18T06:41:48.0141996Z 103643 INFO: Analyzing hidden import 'app.fastapi_routes.template_api'
2026-09-18T06:41:48.0237037Z 103653 INFO: Analyzing hidden import 'app.fastapi_routes.tts_install'
2026-09-18T06:41:48.0263346Z 103656 INFO: Analyzing hidden import 'app.fastapi_routes.tutorial_v2'
2026-09-18T06:41:48.0373174Z 103667 INFO: Analyzing hidden import 'app.fastapi_routes.upload'
2026-09-18T06:41:48.0419945Z 103672 INFO: Analyzing hidden import 'app.fastapi_routes.voice_model_source'
2026-09-18T06:41:48.0452663Z 103674 INFO: Analyzing hidden import 'app.fastapi_routes.voice_routes'
2026-09-18T06:41:48.0559678Z 103685 INFO: Analyzing hidden import 'app.fastapi_routes.wechat_ingest'
2026-09-18T06:41:48.0596357Z 103689 INFO: Analyzing hidden import 'app.fastapi_routes.workflow_definitions'
2026-09-18T06:41:48.0799836Z 103709 INFO: Analyzing hidden import 'app.fastapi_routes.workspace_prefs_routes'
2026-09-18T06:41:48.0839335Z 103713 INFO: Analyzing hidden import 'app.fastapi_routes.xcagi_compat_product'
2026-09-18T06:41:48.0978354Z 103726 INFO: Analyzing hidden import 'app.fastapi_routes.xcagi_startup'
2026-09-18T06:41:48.0989028Z 103728 INFO: Analyzing hidden import 'app.fastapi_routes.xcmax_private_delivery_admin_routes'
2026-09-18T06:41:48.1024996Z 103732 INFO: Analyzing hidden import 'app.legacy.routes.shipment_etl_compat'
2026-09-18T06:41:48.1100023Z 103740 INFO: Analyzing hidden import 'app.legacy.routes.sidebar_capability_compat'
2026-09-18T06:41:48.1126105Z 103742 INFO: Analyzing hidden import 'app.legacy.routes.taiyangniao_attendance_compat'
2026-09-18T06:41:48.1251171Z 103754 INFO: Analyzing hidden import 'app.legacy.routes.xcmax_personnel_compat'
2026-09-18T06:41:48.1307357Z 103760 INFO: Analyzing hidden import 'app.db.admin_init'
2026-09-18T06:41:48.1332138Z 103762 INFO: Analyzing hidden import 'app.db.retry_handler'
2026-09-18T06:41:48.1377411Z 103766 INFO: Analyzing hidden import 'app.db.seeds'
2026-09-18T06:41:48.1384638Z 103768 INFO: Analyzing hidden import 'app.db.seeds.workflow_definitions_seed'
2026-09-18T06:41:48.1422743Z 103772 INFO: Analyzing hidden import 'app.db.validators'
2026-09-18T06:41:48.1488384Z 103778 INFO: Analyzing hidden import 'app.middleware.request_id'
2026-09-18T06:41:48.1503726Z 103780 INFO: Analyzing hidden import 'app.middleware.subscription_gate'
2026-09-18T06:41:48.1525475Z 103782 INFO: Analyzing hidden import 'app.infrastructure.mods.base'
2026-09-18T06:41:48.1539061Z 103783 INFO: Analyzing hidden import 'app.infrastructure.mods.catalog_remote'
2026-09-18T06:41:48.1571213Z 103786 INFO: Analyzing hidden import 'app.infrastructure.mods.index_service'
2026-09-18T06:41:48.1686736Z 103797 INFO: Analyzing hidden import 'app.infrastructure.mods.install_resolver'
2026-09-18T06:41:48.1758077Z 103805 INFO: Analyzing hidden import 'app.mod_sdk.approval_compat'
2026-09-18T06:41:48.1788985Z 103807 INFO: Analyzing hidden import 'app.mod_sdk.approval_pages_compat'
2026-09-18T06:41:48.1799681Z 103809 INFO: Analyzing hidden import 'app.mod_sdk.attendance_headers'
2026-09-18T06:41:48.1807469Z 103809 INFO: Analyzing hidden import 'app.mod_sdk.aux_employee_store'
2026-09-18T06:41:48.1862608Z 103815 INFO: Analyzing hidden import 'app.mod_sdk.customer_service_bridge_routes_part01'
2026-09-18T06:41:48.2086178Z 103837 INFO: Analyzing hidden import 'app.mod_sdk.customer_service_bridge_routes_part02'
2026-09-18T06:41:48.2196163Z 103849 INFO: Analyzing hidden import 'app.mod_sdk.customer_service_bridge_routes_part03'
2026-09-18T06:41:48.2282863Z 103857 INFO: Analyzing hidden import 'app.mod_sdk.employee_pack_runtime'
2026-09-18T06:41:48.2385236Z 103867 INFO: Analyzing hidden import 'app.mod_sdk.erp_pages_compat'
2026-09-18T06:41:48.2397070Z 103869 INFO: Analyzing hidden import 'app.mod_sdk.model_payment_compat'
2026-09-18T06:41:48.2428501Z 103871 INFO: Analyzing hidden import 'app.mod_sdk.model_payment_pages_compat'
2026-09-18T06:41:48.2439740Z 103873 INFO: Analyzing hidden import 'app.mod_sdk.office_employee_pages_compat'
2026-09-18T06:41:48.2448833Z 103873 INFO: Analyzing hidden import 'app.mod_sdk.planner_compat'
2026-09-18T06:41:48.2479751Z 103877 INFO: Analyzing hidden import 'app.mod_sdk.planner_pages_compat'
2026-09-18T06:41:48.2503073Z 103879 INFO: Analyzing hidden import 'app.mod_sdk.private_employee_runtime'
2026-09-18T06:41:48.2579505Z 103888 INFO: Analyzing hidden import 'app.mod_sdk.workflow_pages_compat'
2026-09-18T06:41:48.2588014Z 103888 INFO: Analyzing hidden import 'app.control'
2026-09-18T06:41:48.2592979Z 103889 INFO: Analyzing hidden import 'app.control.input_command_store'
2026-09-18T06:41:48.2612468Z 103891 INFO: Analyzing hidden import 'app.control.routes'
2026-09-18T06:41:48.2634497Z 103893 INFO: Analyzing hidden import 'uvicorn.__main__'
2026-09-18T06:41:48.2640693Z 103893 INFO: Analyzing hidden import 'uvicorn.lifespan'
2026-09-18T06:41:48.2645412Z 103893 INFO: Analyzing hidden import 'uvicorn.lifespan.off'
2026-09-18T06:41:48.2658012Z 103895 INFO: Analyzing hidden import 'uvicorn.lifespan.on'
2026-09-18T06:41:48.2704626Z 103899 INFO: Analyzing hidden import 'uvicorn.loops'
2026-09-18T06:41:48.2709362Z 103901 INFO: Analyzing hidden import 'uvicorn.loops.asyncio'
2026-09-18T06:41:48.2719752Z 103901 INFO: Analyzing hidden import 'uvicorn.loops.auto'
2026-09-18T06:41:48.2735503Z 103903 INFO: Analyzing hidden import 'uvicorn.loops.zuvloop'
2026-09-18T06:41:48.2747378Z 103903 INFO: Analyzing hidden import 'uvicorn.protocols.http.auto'
2026-09-18T06:41:48.2756887Z 103905 INFO: Analyzing hidden import 'uvicorn.protocols.websockets.auto'
2026-09-18T06:41:48.2768137Z 103906 INFO: Analyzing hidden import 'uvicorn.workers'
2026-09-18T06:41:48.5513838Z 104180 INFO: Analyzing hidden import 'fastapi.__main__'
2026-09-18T06:41:48.5530258Z 104182 INFO: Analyzing hidden import 'fastapi.middleware.gzip'
2026-09-18T06:41:48.5603912Z 104190 INFO: Analyzing hidden import 'fastapi.middleware.httpsredirect'
2026-09-18T06:41:48.5622920Z 104192 INFO: Analyzing hidden import 'fastapi.middleware.trustedhost'
2026-09-18T06:41:48.5650599Z 104194 INFO: Analyzing hidden import 'fastapi.middleware.wsgi'
2026-09-18T06:41:48.5711601Z 104200 INFO: Analyzing hidden import 'fastapi.templating'
2026-09-18T06:41:48.5753378Z 104204 INFO: Analyzing hidden import 'fastapi.testclient'
2026-09-18T06:41:48.5759803Z 104204 INFO: Analyzing hidden import 'sqlalchemy.dialects.mssql.provision'
2026-09-18T06:41:48.5816416Z 104210 INFO: Analyzing hidden import 'sqlalchemy.dialects.mysql.provision'
2026-09-18T06:41:48.5857697Z 104214 INFO: Analyzing hidden import 'sqlalchemy.dialects.oracle.provision'
2026-09-18T06:41:48.5937546Z 104223 INFO: Analyzing hidden import 'sqlalchemy.dialects.postgresql.provision'
2026-09-18T06:41:48.5987314Z 104227 INFO: Analyzing hidden import 'sqlalchemy.dialects.sqlite'
2026-09-18T06:41:48.6743351Z 104304 INFO: Analyzing hidden import 'sqlalchemy.dialects.sqlite.provision'
2026-09-18T06:41:48.6799807Z 104308 INFO: Analyzing hidden import 'sqlalchemy.events'
2026-09-18T06:41:48.6810827Z 104310 INFO: Analyzing hidden import 'sqlalchemy.ext.associationproxy'
2026-09-18T06:41:48.7321224Z 104361 INFO: Analyzing hidden import 'sqlalchemy.ext.automap'
2026-09-18T06:41:48.7475667Z 104377 INFO: Analyzing hidden import 'sqlalchemy.ext.baked'
2026-09-18T06:41:48.7578529Z 104387 INFO: Analyzing hidden import 'sqlalchemy.ext.declarative'
2026-09-18T06:41:48.7669138Z 104396 INFO: Analyzing hidden import 'sqlalchemy.ext.horizontal_shard'
2026-09-18T06:41:48.7764283Z 104405 INFO: Analyzing hidden import 'sqlalchemy.ext.hybrid'
2026-09-18T06:41:48.7898507Z 104419 INFO: Analyzing hidden import 'sqlalchemy.ext.indexable'
2026-09-18T06:41:48.7940475Z 104423 INFO: Analyzing hidden import 'sqlalchemy.ext.instrumentation'
2026-09-18T06:41:48.8031813Z 104433 INFO: Analyzing hidden import 'sqlalchemy.ext.mutable'
2026-09-18T06:41:48.8188877Z 104448 INFO: Analyzing hidden import 'sqlalchemy.ext.mypy'
2026-09-18T06:41:48.8194611Z 104448 INFO: Analyzing hidden import 'sqlalchemy.ext.mypy.apply'
2026-09-18T06:41:48.8511492Z 104480 INFO: Analyzing hidden import 'sqlalchemy.ext.mypy.decl_class'
2026-09-18T06:41:48.8607088Z 104490 INFO: Analyzing hidden import 'sqlalchemy.ext.mypy.plugin'
2026-09-18T06:41:48.8677279Z 104496 INFO: Analyzing hidden import 'sqlalchemy.ext.orderinglist'
2026-09-18T06:41:48.8740236Z 104504 INFO: Analyzing hidden import 'sqlalchemy.ext.serializer'
2026-09-18T06:41:48.8791716Z 104507 INFO: Analyzing hidden import 'sqlalchemy.testing'
2026-09-18T06:41:49.4435603Z 105072 INFO: Analyzing hidden import 'sqlalchemy.testing.cancellation'
2026-09-18T06:41:49.4487962Z 105077 INFO: Analyzing hidden import 'sqlalchemy.testing.pickleable'
2026-09-18T06:41:49.4525217Z 105081 INFO: Analyzing hidden import 'sqlalchemy.testing.plugin.bootstrap'
2026-09-18T06:41:49.4538788Z 105083 INFO: Analyzing hidden import 'sqlalchemy.testing.plugin.pytestplugin'
2026-09-18T06:41:49.4767386Z 105105 INFO: Analyzing hidden import 'sqlalchemy.testing.suite'
2026-09-18T06:41:49.9245498Z 105553 INFO: Analyzing hidden import 'sqlalchemy.util.tool_support'
2026-09-18T06:41:49.9299834Z 105560 INFO: Analyzing hidden import 'alembic.__main__'
2026-09-18T06:41:49.9307054Z 105560 INFO: Analyzing hidden import 'alembic.environment'
2026-09-18T06:41:49.9312545Z 105560 INFO: Analyzing hidden import 'alembic.migration'
2026-09-18T06:41:49.9318655Z 105562 INFO: Analyzing hidden import 'alembic.testing'
2026-09-18T06:41:49.9632922Z 105592 INFO: Analyzing hidden import 'alembic.testing.plugin'
2026-09-18T06:41:49.9638665Z 105594 INFO: Analyzing hidden import 'alembic.testing.plugin.bootstrap'
2026-09-18T06:41:49.9645040Z 105594 INFO: Analyzing hidden import 'alembic.testing.requirements'
2026-09-18T06:41:49.9691416Z 105598 INFO: Analyzing hidden import 'alembic.testing.schemacompare'
2026-09-18T06:41:49.9741220Z 105604 INFO: Analyzing hidden import 'alembic.testing.warnings'
2026-09-18T06:41:49.9751381Z 105604 INFO: Analyzing hidden import 'app.application.office_plaintext_generate'
2026-09-18T06:41:49.9820919Z 105612 INFO: Analyzing hidden import 'app.services.xcmax_sync_basic_appliers'
2026-09-18T06:41:49.9917658Z 105621 INFO: Analyzing hidden import 'app.services.xcmax_sync_extended_appliers'
2026-09-18T06:41:50.0048505Z 105633 INFO: Analyzing hidden import 'langgraph.prebuilt.tool_node'
2026-09-18T06:41:50.1856495Z 105814 INFO: Analyzing hidden import 'faster_whisper.assets'
2026-09-18T06:41:50.1861631Z 105816 INFO: Analyzing hidden import 'ctranslate2.converters'
2026-09-18T06:41:50.2631863Z 105892 INFO: Processing pre-safe-import-module hook 'hook-tensorflow.py' from 'C:\\hostedtoolcache\\windows\\Python\\3.11.9\\x64\\Lib\\site-packages\\_pyinstaller_hooks_contrib\\pre_safe_import_module'
2026-09-18T06:41:50.4015122Z 106030 INFO: Analyzing hidden import 'ctranslate2.converters.eole_ct2'
2026-09-18T06:41:50.4113065Z 106040 INFO: Analyzing hidden import 'av.__main__'
2026-09-18T06:41:50.4136478Z 106043 INFO: Analyzing hidden import 'av.container.pyio'
2026-09-18T06:41:50.4197589Z 106048 INFO: Analyzing hidden import 'av.datasets'
2026-09-18T06:41:50.4229530Z 106052 INFO: Analyzing hidden import 'av.dictionary'
2026-09-18T06:41:50.4244233Z 106054 INFO: Analyzing hidden import 'av.filter.link'
2026-09-18T06:41:50.4249879Z 106054 INFO: Analyzing hidden import 'av.opaque'
2026-09-18T06:41:50.4274631Z 106056 INFO: Analyzing hidden import 'av.sidedata.encparams'
2026-09-18T06:41:50.4289474Z 106058 INFO: Analyzing hidden import 'av.utils'
2026-09-18T06:41:50.4316183Z 106060 INFO: Analyzing hidden import 'tokenizers.tools'
2026-09-18T06:41:50.4408836Z 106069 INFO: Analyzing hidden import 'huggingface_hub._hot_reload'
2026-09-18T06:41:50.4413895Z 106069 INFO: Analyzing hidden import 'huggingface_hub._hot_reload.client'
2026-09-18T06:41:50.4516155Z 106080 INFO: Analyzing hidden import 'huggingface_hub.cli._city_game'
2026-09-18T06:41:50.4832955Z 106111 INFO: Analyzing hidden import 'huggingface_hub.cli._completion'
2026-09-18T06:41:50.5579682Z 106187 INFO: Analyzing hidden import 'huggingface_hub.cli._cp'
2026-09-18T06:41:50.5649637Z 106194 INFO: Analyzing hidden import 'huggingface_hub.cli._uv_script_header'
2026-09-18T06:41:50.5727407Z 106201 INFO: Analyzing hidden import 'huggingface_hub.cli.auth'
2026-09-18T06:41:50.5772926Z 106206 INFO: Analyzing hidden import 'huggingface_hub.cli.buckets'
2026-09-18T06:41:50.5901124Z 106218 INFO: Analyzing hidden import 'huggingface_hub.cli.cache'
2026-09-18T06:41:50.6154759Z 106245 INFO: Analyzing hidden import 'huggingface_hub.cli.collections'
2026-09-18T06:41:50.6212018Z 106251 INFO: Analyzing hidden import 'huggingface_hub.cli.datasets'
2026-09-18T06:41:50.6278436Z 106256 INFO: Analyzing hidden import 'huggingface_hub.cli.deprecated_cli'
2026-09-18T06:41:50.6290946Z 106258 INFO: Analyzing hidden import 'huggingface_hub.cli.discussions'
2026-09-18T06:41:50.6372057Z 106266 INFO: Analyzing hidden import 'huggingface_hub.cli.download'
2026-09-18T06:41:50.6430428Z 106272 INFO: Analyzing hidden import 'huggingface_hub.cli.inference_endpoints'
2026-09-18T06:41:50.6598511Z 106288 INFO: Analyzing hidden import 'huggingface_hub.cli.jobs'
2026-09-18T06:41:50.8392379Z 106467 INFO: Analyzing hidden import 'huggingface_hub.cli.lfs'
2026-09-18T06:41:50.8435189Z 106473 INFO: Analyzing hidden import 'huggingface_hub.cli.models'
2026-09-18T06:41:50.8495709Z 106479 INFO: Analyzing hidden import 'huggingface_hub.cli.papers'
2026-09-18T06:41:50.8535370Z 106483 INFO: Analyzing hidden import 'huggingface_hub.cli.repo_files'
2026-09-18T06:41:50.8550549Z 106483 INFO: Analyzing hidden import 'huggingface_hub.cli.repos'
2026-09-18T06:41:50.8681726Z 106497 INFO: Analyzing hidden import 'huggingface_hub.cli.sandbox'
2026-09-18T06:41:50.8821210Z 106511 INFO: Analyzing hidden import 'huggingface_hub.cli.spaces'
2026-09-18T06:41:50.9153447Z 106545 INFO: Analyzing hidden import 'huggingface_hub.cli.system'
2026-09-18T06:41:50.9183845Z 106547 INFO: Analyzing hidden import 'huggingface_hub.cli.upload'
2026-09-18T06:41:50.9252852Z 106555 INFO: Analyzing hidden import 'huggingface_hub.cli.upload_large_folder'
2026-09-18T06:41:50.9282432Z 106558 INFO: Analyzing hidden import 'huggingface_hub.cli.webhooks'
2026-09-18T06:41:50.9342250Z 106563 INFO: Analyzing hidden import 'huggingface_hub.dataclasses'
2026-09-18T06:41:50.9514589Z 106580 INFO: Analyzing hidden import 'huggingface_hub.inference._mcp._cli_hacks'
2026-09-18T06:41:50.9539664Z 106582 INFO: Analyzing hidden import 'huggingface_hub.inference._mcp.cli'
2026-09-18T06:41:50.9629211Z 106592 INFO: Analyzing hidden import 'openpyxl.compat.abc'
2026-09-18T06:41:50.9636638Z 106592 INFO: Analyzing hidden import 'openpyxl.compat.product'
2026-09-18T06:41:50.9645544Z 106594 INFO: Analyzing hidden import 'openpyxl.compat.singleton'
2026-09-18T06:41:50.9661142Z 106594 INFO: Analyzing hidden import 'openpyxl.descriptors.slots'
2026-09-18T06:41:50.9676324Z 106596 INFO: Analyzing hidden import 'openpyxl.packaging.interface'
2026-09-18T06:41:50.9690416Z 106598 INFO: Analyzing hidden import 'openpyxl.utils.dataframe'
2026-09-18T06:41:50.9713642Z 106600 INFO: Analyzing hidden import 'openpyxl.utils.inference'
2026-09-18T06:41:50.9730828Z 106602 INFO: Analyzing hidden import 'openpyxl.worksheet.cell_watch'
2026-09-18T06:41:50.9744287Z 106604 INFO: Analyzing hidden import 'openpyxl.worksheet.controls'
2026-09-18T06:41:50.9812482Z 106610 INFO: Analyzing hidden import 'openpyxl.worksheet.custom'
2026-09-18T06:41:50.9825876Z 106612 INFO: Analyzing hidden import 'openpyxl.worksheet.errors'
2026-09-18T06:41:50.9851505Z 106614 INFO: Analyzing hidden import 'openpyxl.worksheet.picture'
2026-09-18T06:41:50.9857637Z 106614 INFO: Analyzing hidden import 'openpyxl.worksheet.smart_tag'
2026-09-18T06:41:50.9886575Z 106618 INFO: Analyzing hidden import 'pypdf.annotations'
2026-09-18T06:41:51.0048781Z 106634 INFO: Analyzing hidden import 'reportlab.graphics.barcode'
2026-09-18T06:41:51.1060293Z 106735 INFO: Analyzing hidden import 'reportlab.graphics.barcode.code128'
2026-09-18T06:41:51.1215666Z 106751 INFO: Analyzing hidden import 'reportlab.graphics.barcode.code39'
2026-09-18T06:41:51.1273736Z 106757 INFO: Analyzing hidden import 'reportlab.graphics.barcode.code93'
2026-09-18T06:41:51.1339282Z 106762 INFO: Analyzing hidden import 'reportlab.graphics.barcode.ecc200datamatrix'
2026-09-18T06:41:51.1502528Z 106778 INFO: Analyzing hidden import 'reportlab.graphics.barcode.fourstate'
2026-09-18T06:41:51.1522590Z 106780 INFO: Analyzing hidden import 'reportlab.graphics.barcode.lto'
2026-09-18T06:41:51.1581449Z 106786 INFO: Analyzing hidden import 'reportlab.graphics.barcode.test'
2026-09-18T06:41:51.1901189Z 106818 INFO: Analyzing hidden import 'reportlab.graphics.charts.axes'
2026-09-18T06:41:51.2856607Z 106913 INFO: Analyzing hidden import 'reportlab.graphics.charts.barcharts'
2026-09-18T06:41:51.4861140Z 107116 INFO: Analyzing hidden import 'reportlab.graphics.charts.dotbox'
2026-09-18T06:41:51.5626159Z 107191 INFO: Analyzing hidden import 'reportlab.graphics.charts.doughnut'
2026-09-18T06:41:51.5780441Z 107206 INFO: Analyzing hidden import 'reportlab.graphics.charts.markers'
2026-09-18T06:41:51.5802841Z 107209 INFO: Analyzing hidden import 'reportlab.graphics.charts.slidebox'
2026-09-18T06:41:51.5870536Z 107217 INFO: Analyzing hidden import 'reportlab.graphics.charts.spider'
2026-09-18T06:41:51.6012871Z 107230 INFO: Analyzing hidden import 'reportlab.graphics.samples'
2026-09-18T06:41:51.6019114Z 107231 INFO: Analyzing hidden import 'reportlab.graphics.samples.bubble'
2026-09-18T06:41:51.6075406Z 107236 INFO: Analyzing hidden import 'reportlab.graphics.samples.clustered_bar'
2026-09-18T06:41:51.6116053Z 107240 INFO: Analyzing hidden import 'reportlab.graphics.samples.clustered_column'
2026-09-18T06:41:51.6155923Z 107244 INFO: Analyzing hidden import 'reportlab.graphics.samples.exploded_pie'
2026-09-18T06:41:51.6189740Z 107248 INFO: Analyzing hidden import 'reportlab.graphics.samples.filled_radar'
2026-09-18T06:41:51.6219734Z 107250 INFO: Analyzing hidden import 'reportlab.graphics.samples.line_chart'
2026-09-18T06:41:51.6260195Z 107254 INFO: Analyzing hidden import 'reportlab.graphics.samples.linechart_with_markers'
2026-09-18T06:41:51.6308919Z 107260 INFO: Analyzing hidden import 'reportlab.graphics.samples.radar'
2026-09-18T06:41:51.6343792Z 107264 INFO: Analyzing hidden import 'reportlab.graphics.samples.runall'
2026-09-18T06:41:51.6368686Z 107266 INFO: Analyzing hidden import 'reportlab.graphics.samples.scatter'
2026-09-18T06:41:51.6406053Z 107270 INFO: Analyzing hidden import 'reportlab.graphics.samples.scatter_lines'
2026-09-18T06:41:51.6448239Z 107274 INFO: Analyzing hidden import 'reportlab.graphics.samples.scatter_lines_markers'
2026-09-18T06:41:51.6485784Z 107278 INFO: Analyzing hidden import 'reportlab.graphics.samples.simple_pie'
2026-09-18T06:41:51.6518095Z 107280 INFO: Analyzing hidden import 'reportlab.graphics.samples.stacked_bar'
2026-09-18T06:41:51.6559046Z 107284 INFO: Analyzing hidden import 'reportlab.graphics.samples.stacked_column'
2026-09-18T06:41:51.6599530Z 107288 INFO: Analyzing hidden import 'reportlab.graphics.svgpath'
2026-09-18T06:41:51.6756278Z 107304 INFO: Analyzing hidden import 'reportlab.graphics.testdrawings'
2026-09-18T06:41:51.6776670Z 107306 INFO: Analyzing hidden import 'reportlab.graphics.widgets.adjustableArrow'
2026-09-18T06:41:51.6815270Z 107310 INFO: Analyzing hidden import 'reportlab.graphics.widgets.eventcal'
2026-09-18T06:41:51.6893493Z 107318 INFO: Analyzing hidden import 'reportlab.graphics.widgets.table'
2026-09-18T06:41:51.6948610Z 107324 INFO: Analyzing hidden import 'reportlab.lib.codecharts'
2026-09-18T06:41:51.7047937Z 107334 INFO: Analyzing hidden import 'reportlab.lib.extformat'
2026-09-18T06:41:51.7080736Z 107337 INFO: Analyzing hidden import 'reportlab.lib.fontfinder'
2026-09-18T06:41:51.7179246Z 107348 INFO: Analyzing hidden import 'reportlab.lib.pygments2xpre'
2026-09-18T06:41:51.7210853Z 107350 INFO: Analyzing hidden import 'reportlab.lib.testutils'
2026-09-18T06:41:51.7332515Z 107362 INFO: Analyzing hidden import 'reportlab.lib.yaml'
2026-09-18T06:41:51.7374403Z 107366 INFO: Analyzing hidden import 'reportlab.pdfbase._can_cmap_data'
2026-09-18T06:41:51.7391105Z 107368 INFO: Analyzing hidden import 'reportlab.pdfbase.pdfform'
2026-09-18T06:41:51.7521460Z 107381 INFO: Analyzing hidden import 'reportlab.platypus.figures'
2026-09-18T06:41:51.7660626Z 107395 INFO: Analyzing hidden import 'reportlab.platypus.para'
2026-09-18T06:41:51.8255922Z 107455 INFO: Analyzing hidden import 'reportlab.platypus.tableofcontents'
2026-09-18T06:41:51.8411062Z 107470 INFO: Analyzing hidden import 'reportlab.rl_settings'
2026-09-18T06:41:51.8439131Z 107472 INFO: Processing module hooks (post-graph stage)...
2026-09-18T06:41:52.7950429Z 108424 INFO: Processing standard module hook 'hook-lxml.isoschematron.py' from 'C:\\hostedtoolcache\\windows\\Python\\3.11.9\\x64\\Lib\\site-packages\\_pyinstaller_hooks_contrib\\stdhooks'
2026-09-18T06:41:52.8124699Z 108442 WARNING: Hidden import "pycparser.lextab" not found!
2026-09-18T06:41:52.8127147Z 108442 WARNING: Hidden import "pycparser.yacctab" not found!
2026-09-18T06:41:54.6974818Z 110327 INFO: Processing standard module hook 'hook-PIL.SpiderImagePlugin.py' from 'C:\\hostedtoolcache\\windows\\Python\\3.11.9\\x64\\Lib\\site-packages\\PyInstaller\\hooks'
2026-09-18T06:41:54.7532163Z 110382 INFO: Processing pre-safe-import-module hook 'hook-win32com.py' from 'C:\\hostedtoolcache\\windows\\Python\\3.11.9\\x64\\Lib\\site-packages\\_pyinstaller_hooks_contrib\\pre_safe_import_module'
2026-09-18T06:41:55.6782801Z 111308 INFO: Processing standard module hook 'hook-setuptools._vendor.importlib_metadata.py' from 'C:\\hostedtoolcache\\windows\\Python\\3.11.9\\x64\\Lib\\site-packages\\PyInstaller\\hooks'
2026-09-18T06:41:55.8097797Z 111439 INFO: Processing standard module hook 'hook-setuptools._vendor.jaraco.text.py' from 'C:\\hostedtoolcache\\windows\\Python\\3.11.9\\x64\\Lib\\site-packages\\PyInstaller\\hooks'
2026-09-18T06:41:56.6785258Z 112307 INFO: Processing standard module hook 'hook-sqlalchemy.py' from 'C:\\hostedtoolcache\\windows\\Python\\3.11.9\\x64\\Lib\\site-packages\\PyInstaller\\hooks'
2026-09-18T06:41:57.0157077Z 112644 WARNING: Hidden import "pysqlite2" not found!
2026-09-18T06:41:57.0160707Z 112644 WARNING: Hidden import "MySQLdb" not found!
2026-09-18T06:41:57.0200510Z 112648 INFO: Processing standard module hook 'hook-lxml.objectify.py' from 'C:\\hostedtoolcache\\windows\\Python\\3.11.9\\x64\\Lib\\site-packages\\_pyinstaller_hooks_contrib\\stdhooks'
2026-09-18T06:41:57.0206591Z 112650 INFO: Processing standard module hook 'hook-tzdata.py' from 'C:\\hostedtoolcache\\windows\\Python\\3.11.9\\x64\\Lib\\site-packages\\_pyinstaller_hooks_contrib\\stdhooks'
2026-09-18T06:41:57.5510035Z 113180 INFO: Performing binary vs. data reclassification (2312 entries)
2026-09-18T06:41:57.7500775Z 113378 INFO: Looking for ctypes DLLs
2026-09-18T06:41:58.2422292Z 113872 INFO: Analyzing run-time hooks ...
2026-09-18T06:41:58.2799486Z 113909 INFO: Including run-time hook 'pyi_rth_inspect.py' from 'C:\\hostedtoolcache\\windows\\Python\\3.11.9\\x64\\Lib\\site-packages\\PyInstaller\\hooks\\rthooks'
2026-09-18T06:41:58.2829287Z 113911 INFO: Including run-time hook 'pyi_rth_pkgutil.py' from 'C:\\hostedtoolcache\\windows\\Python\\3.11.9\\x64\\Lib\\site-packages\\PyInstaller\\hooks\\rthooks'
2026-09-18T06:41:58.2854236Z 113913 INFO: Including run-time hook 'pyi_rth_cryptography_openssl.py' from 'C:\\hostedtoolcache\\windows\\Python\\3.11.9\\x64\\Lib\\site-packages\\_pyinstaller_hooks_contrib\\rthooks'
2026-09-18T06:41:58.2873564Z 113915 INFO: Including run-time hook 'pyi_rth_setuptools.py' from 'C:\\hostedtoolcache\\windows\\Python\\3.11.9\\x64\\Lib\\site-packages\\PyInstaller\\hooks\\rthooks'
2026-09-18T06:41:58.2887943Z 113917 INFO: Including run-time hook 'pyi_rth_pkgres.py' from 'C:\\hostedtoolcache\\windows\\Python\\3.11.9\\x64\\Lib\\site-packages\\PyInstaller\\hooks\\rthooks'
2026-09-18T06:41:58.2935689Z 113923 INFO: Including run-time hook 'pyi_rth_multiprocessing.py' from 'C:\\hostedtoolcache\\windows\\Python\\3.11.9\\x64\\Lib\\site-packages\\PyInstaller\\hooks\\rthooks'
2026-09-18T06:41:58.4638363Z 114094 INFO: Creating base_library.zip...
2026-09-18T06:41:58.4894153Z 114117 INFO: Looking for dynamic libraries
2026-09-18T06:42:05.1927051Z INFO:alembic.runtime.plugins:setup plugin alembic.autogenerate.schemas
2026-09-18T06:42:05.1928010Z INFO:alembic.runtime.plugins:setup plugin alembic.autogenerate.tables
2026-09-18T06:42:05.1929058Z INFO:alembic.runtime.plugins:setup plugin alembic.autogenerate.types
2026-09-18T06:42:05.1929606Z INFO:alembic.runtime.plugins:setup plugin alembic.autogenerate.constraints
2026-09-18T06:42:05.1930160Z INFO:alembic.runtime.plugins:setup plugin alembic.autogenerate.defaults
2026-09-18T06:42:05.1930691Z INFO:alembic.runtime.plugins:setup plugin alembic.autogenerate.comments
2026-09-18T06:42:05.1931261Z INFO:alembic.runtime.plugins:setup plugin alembic.ext.checkconstraint_byname
2026-09-18T06:42:06.4044203Z 122033 INFO: Extra DLL search directories (AddDllDirectory): ['C:\\hostedtoolcache\\windows\\Python\\3.11.9\\x64\\Lib\\site-packages\\numpy.libs', 'C:\\hostedtoolcache\\windows\\Python\\3.11.9\\x64\\Lib\\site-packages\\pandas.libs', 'C:\\hostedtoolcache\\windows\\Python\\3.11.9\\x64\\Lib\\site-packages\\av.libs', 'C:\\hostedtoolcache\\windows\\Python\\3.11.9\\x64\\Lib\\site-packages\\ctranslate2', 'C:\\hostedtoolcache\\windows\\Python\\3.11.9\\x64\\Lib\\site-packages\\ctranslate2/../_rocm_sdk_core/bin', 'C:\\hostedtoolcache\\windows\\Python\\3.11.9\\x64\\Lib\\site-packages\\psycopg_binary.libs']
2026-09-18T06:42:06.4046373Z 122033 INFO: Extra DLL search directories (PATH): []
2026-09-18T06:42:09.5062165Z 125134 INFO: Warnings written to D:\a\XCMAX\XCMAX\FHD\build\xcagi_backend\warn-xcagi_backend.txt
2026-09-18T06:42:10.4323334Z 126061 INFO: Graph cross-reference written to D:\a\XCMAX\XCMAX\FHD\build\xcagi_backend\xref-xcagi_backend.html
2026-09-18T06:42:10.6951506Z 126323 INFO: checking PYZ
2026-09-18T06:42:10.6952249Z 126323 INFO: Building PYZ because PYZ-00.toc is non existent
2026-09-18T06:42:10.6952920Z 126323 INFO: Building PYZ (ZlibArchive) D:\a\XCMAX\XCMAX\FHD\build\xcagi_backend\PYZ-00.pyz
2026-09-18T06:42:15.3683442Z 130998 INFO: Building PYZ (ZlibArchive) D:\a\XCMAX\XCMAX\FHD\build\xcagi_backend\PYZ-00.pyz completed successfully.
2026-09-18T06:42:15.5252124Z 131155 INFO: checking PKG
2026-09-18T06:42:15.5252923Z 131155 INFO: Building PKG because PKG-00.toc is non existent
2026-09-18T06:42:15.5253542Z 131155 INFO: Building PKG (CArchive) xcagi-backend.pkg
2026-09-18T06:42:15.5873525Z 131217 INFO: Building PKG (CArchive) xcagi-backend.pkg completed successfully.
2026-09-18T06:42:15.5886578Z 131217 INFO: Bootloader C:\hostedtoolcache\windows\Python\3.11.9\x64\Lib\site-packages\PyInstaller\bootloader\Windows-64bit-intel\runw.exe
2026-09-18T06:42:15.5888138Z 131217 INFO: checking EXE
2026-09-18T06:42:15.5888983Z 131219 INFO: Building EXE because EXE-00.toc is non existent
2026-09-18T06:42:15.5890222Z 131219 INFO: Building EXE from EXE-00.toc
2026-09-18T06:42:15.5893890Z 131219 INFO: Copying bootloader EXE to D:\a\XCMAX\XCMAX\FHD\build\xcagi_backend\xcagi-backend.exe
2026-09-18T06:42:15.5924546Z 131221 INFO: Copying icon to EXE
2026-09-18T06:42:15.5948706Z 131225 INFO: Copying 0 resources to EXE
2026-09-18T06:42:15.5949385Z 131225 INFO: Embedding manifest in EXE
2026-09-18T06:42:15.5971098Z 131227 INFO: Appending PKG archive to EXE
2026-09-18T06:42:15.6422917Z 131272 INFO: Fixing EXE headers
2026-09-18T06:42:15.8824425Z 131511 INFO: Building EXE from EXE-00.toc completed successfully.
2026-09-18T06:42:15.9036904Z 131533 INFO: checking COLLECT
2026-09-18T06:42:15.9037819Z 131533 INFO: Building COLLECT because COLLECT-00.toc is non existent
2026-09-18T06:42:15.9041124Z 131533 INFO: Building COLLECT COLLECT-00.toc
2026-09-18T06:42:17.4852916Z 133113 INFO: Building COLLECT COLLECT-00.toc completed successfully.
2026-09-18T06:42:17.5392720Z 133168 INFO: Build complete! The results are available in: D:\a\XCMAX\XCMAX\FHD\dist
2026-09-18T06:42:18.0543715Z [ok] bundled vue-dist (259 js)
2026-09-18T06:42:18.0551359Z Backend build complete: dist\xcagi-backend
2026-09-18T06:42:20.9651285Z [generate-desktop-resources] using brand source: D:\a\XCMAX\XCMAX\FHD\desktop\branding\app-icon-source.png
2026-09-18T06:42:20.9652201Z Installer exe icon copied to: D:\a\XCMAX\XCMAX\FHD\tools\XcagiInstaller\Assets\app.ico
2026-09-18T06:42:20.9652914Z Desktop resources written to: D:\a\XCMAX\XCMAX\FHD\desktop\resources
2026-09-18T06:42:20.9804634Z Installer + icon assets generated (see desktop\resources).
2026-09-18T06:42:23.5145741Z npm warn deprecated inflight@1.0.6: This module is not supported, and leaks memory. Do not use it. Check out lru-cache if you want a good and tested way to coalesce async requests by a key value, which is much more comprehensive and powerful.
2026-09-18T06:42:23.7635519Z npm warn deprecated rimraf@2.6.3: Rimraf versions prior to v4 are no longer supported
2026-09-18T06:42:23.8403798Z npm warn deprecated glob@7.2.3: Old versions of glob are not supported, and contain widely publicized security vulnerabilities, which have been fixed in the current version. Please update. Support for old versions may be purchased (at exorbitant rates) by contacting i@izs.me
2026-09-18T06:42:24.0120335Z npm warn deprecated lodash.isequal@4.5.0: This package is deprecated. Use require('node:util').isDeepStrictEqual instead.
2026-09-18T06:42:24.6136421Z npm warn deprecated boolean@3.2.0: Package no longer supported. Contact Support at https://www.npmjs.com/support for more info.
2026-09-18T06:42:25.9516567Z npm warn deprecated glob@10.5.0: Old versions of glob are not supported, and contain widely publicized security vulnerabilities, which have been fixed in the current version. Please update. Support for old versions may be purchased (at exorbitant rates) by contacting i@izs.me
2026-09-18T06:42:31.5051480Z 
2026-09-18T06:42:31.5052189Z added 412 packages, and audited 413 packages in 10s
2026-09-18T06:42:31.5052597Z 
2026-09-18T06:42:31.5052850Z 72 packages are looking for funding
2026-09-18T06:42:31.5053142Z   run `npm fund` for details
2026-09-18T06:42:31.5130883Z 
2026-09-18T06:42:31.5131481Z 3 moderate severity vulnerabilities
2026-09-18T06:42:31.5131899Z 
2026-09-18T06:42:31.5132328Z To address all issues (including breaking changes), run:
2026-09-18T06:42:31.5132945Z   npm audit fix --force
2026-09-18T06:42:31.5133190Z 
2026-09-18T06:42:31.5133417Z Run `npm audit` for details.
2026-09-18T06:42:31.8248150Z 
2026-09-18T06:42:31.8248521Z > xcagi-desktop@1.0.0 build
2026-09-18T06:42:31.8249344Z > node scripts/inject-version.cjs && tsc -p tsconfig.json && cp resources/splash.html dist/splash.html
2026-09-18T06:42:31.8249718Z 
2026-09-18T06:42:31.8855662Z [inject-version] 版本已对齐: product=1.0.0.5, toolchain=1.0.0
2026-09-18T06:42:34.7549690Z v1.0.0
2026-09-18T06:42:36.1775557Z   • electron-builder  version=26.15.3 os=10.0.26100
2026-09-18T06:42:36.1880920Z   • loaded configuration  file=D:\a\XCMAX\XCMAX\FHD\desktop\electron-builder.yml
2026-09-18T06:42:37.2495361Z [before-pack] 生成桌面端资源: D:\a\XCMAX\XCMAX\FHD\scripts\package\generate-desktop-resources.py
2026-09-18T06:42:39.1264310Z [generate-desktop-resources] using brand source: D:\a\XCMAX\XCMAX\FHD\desktop\branding\app-icon-source.png
2026-09-18T06:42:39.1265368Z Installer exe icon copied to: D:\a\XCMAX\XCMAX\FHD\tools\XcagiInstaller\Assets\app.ico
2026-09-18T06:42:39.1266130Z Desktop resources written to: D:\a\XCMAX\XCMAX\FHD\desktop\resources
2026-09-18T06:42:39.1412495Z [before-pack] 桌面端资源生成完成
2026-09-18T06:42:39.1424669Z   • executing @electron/rebuild  electronVersion=41.10.3 arch=x64 buildFromSource=false workspaceRoot=D:\a\XCMAX\XCMAX\FHD\desktop projectDir=./ appDir=./
2026-09-18T06:42:39.1426336Z   • installing native dependencies  arch=x64
2026-09-18T06:42:39.3903375Z   • completed installing native dependencies
2026-09-18T06:42:39.3974929Z   • packaging       platform=win32 arch=x64 electron=41.10.3 appOutDir=D:\a\XCMAX\XCMAX\FHD\release\xcagi-v1.0.0.5\enterprise\win-unpacked
2026-09-18T06:42:39.5540091Z   • downloaded      label=electron progress=100%
2026-09-18T06:42:42.7275011Z   • downloaded electron zip extracted successfully  output=D:\a\XCMAX\XCMAX\FHD\release\xcagi-v1.0.0.5\enterprise\win-unpacked
2026-09-18T06:42:42.7479762Z   • searching for node modules  pm=npm searchDir=D:\a\XCMAX\XCMAX\FHD\desktop
2026-09-18T06:42:46.5272370Z   • updating asar integrity executable resource  executablePath=D:\a\XCMAX\XCMAX\FHD\release\xcagi-v1.0.0.5\enterprise\win-unpacked\XCAGI.exe
2026-09-18T06:42:46.5485395Z   • signing with signtool.exe  path=D:\a\XCMAX\XCMAX\FHD\release\xcagi-v1.0.0.5\enterprise\win-unpacked\resources\backend\xcagi-backend.exe
2026-09-18T06:42:46.9362020Z   • signing with signtool.exe  path=D:\a\XCMAX\XCMAX\FHD\release\xcagi-v1.0.0.5\enterprise\win-unpacked\resources\backend\_internal\setuptools\cli-32.exe
2026-09-18T06:42:46.9364777Z   • signing with signtool.exe  path=D:\a\XCMAX\XCMAX\FHD\release\xcagi-v1.0.0.5\enterprise\win-unpacked\resources\backend\_internal\setuptools\gui.exe
2026-09-18T06:42:46.9367554Z   • signing with signtool.exe  path=D:\a\XCMAX\XCMAX\FHD\release\xcagi-v1.0.0.5\enterprise\win-unpacked\resources\backend\_internal\setuptools\cli-64.exe
2026-09-18T06:42:46.9369356Z   • signing with signtool.exe  path=D:\a\XCMAX\XCMAX\FHD\release\xcagi-v1.0.0.5\enterprise\win-unpacked\resources\backend\_internal\setuptools\cli-arm64.exe
2026-09-18T06:42:46.9375527Z   • signing with signtool.exe  path=D:\a\XCMAX\XCMAX\FHD\release\xcagi-v1.0.0.5\enterprise\win-unpacked\resources\backend\_internal\setuptools\cli.exe
2026-09-18T06:42:46.9380236Z   • signing with signtool.exe  path=D:\a\XCMAX\XCMAX\FHD\release\xcagi-v1.0.0.5\enterprise\win-unpacked\resources\backend\_internal\setuptools\gui-32.exe
2026-09-18T06:42:46.9383725Z   • signing with signtool.exe  path=D:\a\XCMAX\XCMAX\FHD\release\xcagi-v1.0.0.5\enterprise\win-unpacked\resources\backend\_internal\setuptools\gui-arm64.exe
2026-09-18T06:42:46.9386732Z   • signing with signtool.exe  path=D:\a\XCMAX\XCMAX\FHD\release\xcagi-v1.0.0.5\enterprise\win-unpacked\resources\backend\_internal\setuptools\gui-64.exe
2026-09-18T06:42:47.7826086Z [after-pack] vue-dist gate ok (259 js): D:\a\XCMAX\XCMAX\FHD\release\xcagi-v1.0.0.5\enterprise\win-unpacked\resources\backend\_internal\templates\vue-dist
2026-09-18T06:42:48.1976994Z   • signing with signtool.exe  path=D:\a\XCMAX\XCMAX\FHD\release\xcagi-v1.0.0.5\enterprise\win-unpacked\XCAGI.exe
2026-09-18T06:42:48.1992315Z   • building        target=zip arch=x64 file=D:\a\XCMAX\XCMAX\FHD\release\xcagi-v1.0.0.5\enterprise\XCAGI-1.0.0-win-x64.zip
2026-09-18T06:42:48.3072315Z   • downloaded      label=7zip-win-x64.tar.gz progress=100%
2026-09-18T06:44:49.0117603Z   • building        target=nsis file=D:\a\XCMAX\XCMAX\FHD\release\xcagi-v1.0.0.5\enterprise\XCAGI-Enterprise-Setup-1.0.0.5-x64.exe archs=x64 oneClick=false perMachine=false
2026-09-18T06:44:49.1066057Z   • downloaded      label=nsis-3.0.4.1.7z progress=100%
2026-09-18T06:44:50.5344135Z   • signing with signtool.exe  path=D:\a\XCMAX\XCMAX\FHD\release\xcagi-v1.0.0.5\enterprise\win-unpacked\resources\elevate.exe
2026-09-18T06:46:29.6544795Z   • downloaded      label=nsis-resources-3.4.1.7z progress=100%
2026-09-18T06:46:30.9674742Z   • signing with signtool.exe  path=D:\a\XCMAX\XCMAX\FHD\release\xcagi-v1.0.0.5\enterprise\XCAGI-Enterprise-Setup-1.0.0.5-x64.__uninstaller.exe
2026-09-18T06:46:32.9906501Z   • signing with signtool.exe  path=D:\a\XCMAX\XCMAX\FHD\release\xcagi-v1.0.0.5\enterprise\XCAGI-Enterprise-Setup-1.0.0.5-x64.exe
2026-09-18T06:46:32.9912230Z   • building block map  blockMapFile=D:\a\XCMAX\XCMAX\FHD\release\xcagi-v1.0.0.5\enterprise\XCAGI-Enterprise-Setup-1.0.0.5-x64.exe.blockmap
2026-09-18T06:46:56.5241243Z Generated XCAGI-Enterprise-Setup-1.0.0.5-x64.exe.blockmap (258572 bytes)
2026-09-18T06:46:56.5255398Z Generated latest.yml
2026-09-18T06:47:00.1289795Z   Determining projects to restore...
2026-09-18T06:47:08.0660044Z   Restored D:\a\XCMAX\XCMAX\FHD\tools\XcagiDownloader\XcagiDownloader.csproj (in 7.26 sec).
2026-09-18T06:47:13.8239098Z ##[warning]D:\a\XCMAX\XCMAX\FHD\tools\XcagiDownloader\Models\AppSettings.cs(22,47): warning CS8604: Possible null reference argument for parameter 'raw' in 'string AppSettings.NormalizeReleaseVersion(string raw)'. [D:\a\XCMAX\XCMAX\FHD\tools\XcagiDownloader\XcagiDownloader.csproj]
2026-09-18T06:47:14.1658333Z   XcagiDownloader -> D:\a\XCMAX\XCMAX\FHD\tools\XcagiDownloader\bin\Release\net8.0-windows\win-x64\XcagiDownloader.dll
2026-09-18T06:47:22.4715448Z   XcagiDownloader -> D:\a\XCMAX\XCMAX\FHD\release\xcagi-v1.0.0.5\enterprise\tools\
2026-09-18T06:47:22.7927811Z 
2026-09-18T06:47:22.7935233Z Done: release\xcagi-v1.0.0.5\enterprise\XCAGI-Enterprise-Setup-1.0.0.5-x64.exe
2026-09-18T06:47:22.8429365Z ##[group]Run $allowUnsigned = $env:XCAGI_REQUIRE_WINDOWS_SIGNING -eq '0'
2026-09-18T06:47:22.8430027Z [36;1m$allowUnsigned = $env:XCAGI_REQUIRE_WINDOWS_SIGNING -eq '0'[0m
2026-09-18T06:47:22.8430796Z [36;1mscripts/package/pre-release-security.ps1 -Phase post -Version $env:DELIVERY_VERSION -ProductSku enterprise -AllowUnsigned:$allowUnsigned[0m
2026-09-18T06:47:22.8431730Z [36;1m$installer = "release/xcagi-v$env:DELIVERY_VERSION/enterprise/XCAGI-Enterprise-Setup-$env:DELIVERY_VERSION-x64.exe"[0m
2026-09-18T06:47:22.8433003Z [36;1mscripts/package/verify-windows-installed-runtime.ps1 -InstallerPath $installer -ExpectedPublisher $env:XCAGI_WINDOWS_PUBLISHER_NAME -ExpectedBuildSha $env:XCAGI_BUILD_SHA -ExpectedProductVersion $env:DELIVERY_VERSION -AllowUnsigned:$allowUnsigned[0m
2026-09-18T06:47:22.8504431Z shell: C:\Program Files\PowerShell\7\pwsh.EXE -command ". '{0}'"
2026-09-18T06:47:22.8504809Z env:
2026-09-18T06:47:22.8505175Z   XCAGI_BUILD_SHA: 54325894cc6e3fc2becfcbc98697a099310d9420
2026-09-18T06:47:22.8505521Z   PYTHONUTF8: 1
2026-09-18T06:47:22.8505765Z   PYTHONIOENCODING: utf-8
2026-09-18T06:47:22.8506025Z   ES_USERNAME: 
2026-09-18T06:47:22.8506263Z   ES_PASSWORD: 
2026-09-18T06:47:22.8506493Z   CREDENTIAL_ID: 
2026-09-18T06:47:22.8506724Z   ES_TOTP_SECRET: 
2026-09-18T06:47:22.8506966Z   XCAGI_WINDOWS_PUBLISHER_NAME: 
2026-09-18T06:47:22.8507255Z   XCAGI_WINDOWS_SIGNING_PROVIDER: sslcom
2026-09-18T06:47:22.8507564Z   XCAGI_REQUIRE_WINDOWS_SIGNING: 0
2026-09-18T06:47:22.8507948Z   pythonLocation: C:\hostedtoolcache\windows\Python\3.11.9\x64
2026-09-18T06:47:22.8508417Z   PKG_CONFIG_PATH: C:\hostedtoolcache\windows\Python\3.11.9\x64/lib/pkgconfig
2026-09-18T06:47:22.8508885Z   Python_ROOT_DIR: C:\hostedtoolcache\windows\Python\3.11.9\x64
2026-09-18T06:47:22.8509781Z   Python2_ROOT_DIR: C:\hostedtoolcache\windows\Python\3.11.9\x64
2026-09-18T06:47:22.8510211Z   Python3_ROOT_DIR: C:\hostedtoolcache\windows\Python\3.11.9\x64
2026-09-18T06:47:22.8510585Z   DOTNET_ROOT: C:\Program Files\dotnet
2026-09-18T06:47:22.8510885Z   DELIVERY_VERSION: 1.0.0.5
2026-09-18T06:47:22.8511159Z ##[endgroup]
2026-09-18T06:47:23.2735266Z === Post-build security scan ===
2026-09-18T06:47:23.3069068Z OK enterprise packaged backend executable Windows GUI subsystem
2026-09-18T06:47:23.4059040Z OK: enterprise includes ERP mod
2026-09-18T06:47:23.4185981Z OK: all 13 profile stage mod(s) present
2026-09-18T06:47:23.4462313Z OK: mods/ contains no industry or custom client mods
2026-09-18T06:47:23.5054014Z OK: industry-seeds/ contains 6 of 6 open industry mod(s)
2026-09-18T06:47:24.7424079Z Authenticode path: D:\a\XCMAX\XCMAX\FHD\release\xcagi-v1.0.0.5\enterprise\win-unpacked\XCAGI.exe
2026-09-18T06:47:24.7450756Z Authenticode status: NotSigned
2026-09-18T06:47:24.7467032Z Authenticode message: The file D:\a\XCMAX\XCMAX\FHD\release\xcagi-v1.0.0.5\enterprise\win-unpacked\XCAGI.exe is not digitally signed. You cannot run this script on the current system. For more information about running scripts and setting execution policy, see about_Execution_Policies at https://go.microsoft.com/fwlink/?LinkID=135170
2026-09-18T06:47:24.7503232Z [33;1mWARNING: UNSIGNED: manual installer delivery only; not eligible for stable automatic updates.[0m
2026-09-18T06:47:24.9789228Z Authenticode path: D:\a\XCMAX\XCMAX\FHD\release\xcagi-v1.0.0.5\enterprise\win-unpacked\resources\backend\xcagi-backend.exe
2026-09-18T06:47:24.9796735Z Authenticode status: NotSigned
2026-09-18T06:47:24.9806281Z Authenticode message: The file D:\a\XCMAX\XCMAX\FHD\release\xcagi-v1.0.0.5\enterprise\win-unpacked\resources\backend\xcagi-backend.exe is not digitally signed. You cannot run this script on the current system. For more information about running scripts and setting execution policy, see about_Execution_Policies at https://go.microsoft.com/fwlink/?LinkID=135170
2026-09-18T06:47:24.9810828Z [33;1mWARNING: UNSIGNED: manual installer delivery only; not eligible for stable automatic updates.[0m
2026-09-18T06:47:26.1930538Z Authenticode path: D:\a\XCMAX\XCMAX\FHD\release\xcagi-v1.0.0.5\enterprise\XCAGI-Enterprise-Setup-1.0.0.5-x64.exe
2026-09-18T06:47:26.1936016Z Authenticode status: NotSigned
2026-09-18T06:47:26.1944140Z Authenticode message: The file D:\a\XCMAX\XCMAX\FHD\release\xcagi-v1.0.0.5\enterprise\XCAGI-Enterprise-Setup-1.0.0.5-x64.exe is not digitally signed. You cannot run this script on the current system. For more information about running scripts and setting execution policy, see about_Execution_Policies at https://go.microsoft.com/fwlink/?LinkID=135170
2026-09-18T06:47:26.1947545Z [33;1mWARNING: UNSIGNED: manual installer delivery only; not eligible for stable automatic updates.[0m
2026-09-18T06:47:26.1951896Z OK enterprise artifact: XCAGI-Enterprise-Setup-1.0.0.5-x64.exe
2026-09-18T06:47:26.1957876Z Post-build security: PASSED
2026-09-18T06:47:26.2414203Z Verifying installer before installation (AllowUnsigned=True): D:\a\XCMAX\XCMAX\FHD\release\xcagi-v1.0.0.5\enterprise\XCAGI-Enterprise-Setup-1.0.0.5-x64.exe
2026-09-18T06:47:27.6330046Z Authenticode path: D:\a\XCMAX\XCMAX\FHD\release\xcagi-v1.0.0.5\enterprise\XCAGI-Enterprise-Setup-1.0.0.5-x64.exe
2026-09-18T06:47:27.6334025Z Authenticode status: NotSigned
2026-09-18T06:47:27.6339934Z Authenticode message: The file D:\a\XCMAX\XCMAX\FHD\release\xcagi-v1.0.0.5\enterprise\XCAGI-Enterprise-Setup-1.0.0.5-x64.exe is not digitally signed. You cannot run this script on the current system. For more information about running scripts and setting execution policy, see about_Execution_Policies at https://go.microsoft.com/fwlink/?LinkID=135170
2026-09-18T06:47:27.6343129Z [33;1mWARNING: UNSIGNED: manual installer delivery only; not eligible for stable automatic updates.[0m
2026-09-18T06:47:29.6510148Z Installing package silently into: D:\a\_temp\xcagi-installed-runtime-35315576570-1-15a9de79
2026-09-18T06:48:28.0007535Z Verifying installed executable signatures.
2026-09-18T06:48:29.1197279Z Authenticode path: D:\a\_temp\xcagi-installed-runtime-35315576570-1-15a9de79\XCAGI.exe
2026-09-18T06:48:29.1203059Z Authenticode status: NotSigned
2026-09-18T06:48:29.1211526Z Authenticode message: The file D:\a\_temp\xcagi-installed-runtime-35315576570-1-15a9de79\XCAGI.exe is not digitally signed. You cannot run this script on the current system. For more information about running scripts and setting execution policy, see about_Execution_Policies at https://go.microsoft.com/fwlink/?LinkID=135170
2026-09-18T06:48:29.1214066Z [33;1mWARNING: UNSIGNED: manual installer delivery only; not eligible for stable automatic updates.[0m
2026-09-18T06:48:29.3514437Z Authenticode path: D:\a\_temp\xcagi-installed-runtime-35315576570-1-15a9de79\resources\backend\xcagi-backend.exe
2026-09-18T06:48:29.3519332Z Authenticode status: NotSigned
2026-09-18T06:48:29.3527631Z Authenticode message: The file D:\a\_temp\xcagi-installed-runtime-35315576570-1-15a9de79\resources\backend\xcagi-backend.exe is not digitally signed. You cannot run this script on the current system. For more information about running scripts and setting execution policy, see about_Execution_Policies at https://go.microsoft.com/fwlink/?LinkID=135170
2026-09-18T06:48:29.3530454Z [33;1mWARNING: UNSIGNED: manual installer delivery only; not eligible for stable automatic updates.[0m
2026-09-18T06:48:31.3634418Z Launching installed desktop runtime: D:\a\_temp\xcagi-installed-runtime-35315576570-1-15a9de79\XCAGI.exe
2026-09-18T06:48:40.1540485Z waiting: readyForUi=False;modsReady=True
2026-09-18T06:48:43.3196735Z waiting: readyForUi=False;modsReady=True
2026-09-18T06:48:46.3548793Z ready: readyForUi=True;modsReady=True;storageMode=local_sqlite
2026-09-18T06:48:46.3731926Z PASS health code=200
2026-09-18T06:48:46.3817578Z PASS desktop-status readyForUi=True;modsReady=True;storageMode=local_sqlite
2026-09-18T06:48:47.0073499Z PASS runtime-product-sku sku=enterprise;enterprise=True
2026-09-18T06:48:47.0302706Z PASS mods-list count=23
2026-09-18T06:48:47.0446357Z PASS mods-loading-status loaded=13;partial_failure=False
2026-09-18T06:48:47.0536208Z PASS mod-detail:xcagi-erp-domain-bridge code=200
2026-09-18T06:48:47.0609372Z PASS mod-detail:xcagi-approval-bridge code=200
2026-09-18T06:48:47.0679896Z PASS mod-detail:xcagi-customer-service-bridge code=200
2026-09-18T06:48:47.0748137Z PASS mod-detail:xcagi-model-payment-bridge code=200
2026-09-18T06:48:47.0812270Z PASS mod-detail:xcagi-lan-license-bridge code=200
2026-09-18T06:48:47.0878679Z PASS mod-detail:xcagi-neuro-bus-bridge code=200
2026-09-18T06:48:47.0950634Z PASS mod-detail:xcagi-office-employee-pack-bridge code=200
2026-09-18T06:48:47.1017931Z PASS mod-detail:xcagi-planner-bridge code=200
2026-09-18T06:48:47.1086123Z PASS mod-detail:xcagi-workflow-visualization-bridge code=200
2026-09-18T06:48:47.1212458Z PASS purchase-summary code=200
2026-09-18T06:48:47.1529781Z PASS report-dashboard code=200
2026-09-18T06:48:48.5583371Z PASS mobile-pairing-issue code=200;pairingCode=575760
2026-09-18T06:48:48.5998442Z PASS erp-mod-products-list code=200
2026-09-18T06:48:48.6108934Z PASS erp-mod-purchase-units code=200
2026-09-18T06:48:48.6710248Z PASS compat-products-list code=200
2026-09-18T06:48:48.6830617Z PASS compat-purchase-units code=200
2026-09-18T06:48:48.6834480Z SMOKE_PASS=21
2026-09-18T06:48:48.6840915Z SMOKE_FAIL=0
2026-09-18T06:48:50.7104029Z Uninstalling package silently: D:\a\_temp\xcagi-installed-runtime-35315576570-1-15a9de79\Uninstall XCAGI.exe
2026-09-18T06:48:55.5837952Z OK: installer installed, launched, passed runtime smoke, and uninstalled (AllowUnsigned=True).
2026-09-18T06:48:55.5843538Z OK: installed buildSha=54325894cc6e3fc2becfcbc98697a099310d9420 version=1.0.0.5 sku=enterprise
2026-09-18T06:48:55.5849046Z OK: uninstall retained user data marker=C:\Users\runneradmin\AppData\Roaming\XCAGI\ci-uninstall-retention-29be8eea302040598ff1a3edd6b187d7.txt
2026-09-18T06:48:57.6362498Z ##[group]Run $installer = "release/xcagi-v$env:DELIVERY_VERSION/enterprise/XCAGI-Enterprise-Setup-$env:DELIVERY_VERSION-x64.exe"
2026-09-18T06:48:57.6363848Z [36;1m$installer = "release/xcagi-v$env:DELIVERY_VERSION/enterprise/XCAGI-Enterprise-Setup-$env:DELIVERY_VERSION-x64.exe"[0m
2026-09-18T06:48:57.6364494Z [36;1m$signature = Get-AuthenticodeSignature -LiteralPath $installer[0m
2026-09-18T06:48:57.6365440Z [36;1m$state = if ($signature.Status -eq 'Valid') { 'signed' } elseif ($signature.Status -eq 'NotSigned') { 'unsigned' } else { throw "Invalid signature: $($signature.Status)" }[0m
2026-09-18T06:48:57.6366185Z [36;1mNew-Item -ItemType Directory -Path delivery -Force | Out-Null[0m
2026-09-18T06:48:57.6366687Z [36;1m$filename = "XCAGI-Enterprise-Setup-$env:DELIVERY_VERSION-x64-$state.exe"[0m
2026-09-18T06:48:57.6367124Z [36;1mCopy-Item $installer "delivery/$filename"[0m
2026-09-18T06:48:57.6367621Z [36;1m$hash = (Get-FileHash "delivery/$filename" -Algorithm SHA256).Hash.ToLowerInvariant()[0m
2026-09-18T06:48:57.6368170Z [36;1m"$hash  $filename" | Set-Content "delivery/$filename.sha256" -Encoding utf8[0m
2026-09-18T06:48:57.6368547Z [36;1m@{[0m
2026-09-18T06:48:57.6368828Z [36;1m  version = $env:DELIVERY_VERSION; git_sha = $env:XCAGI_BUILD_SHA[0m
2026-09-18T06:48:57.6369302Z [36;1m  signature_status = $state; authenticode_status = [string]$signature.Status[0m
2026-09-18T06:48:57.6369833Z [36;1m  filename = $filename; sha256 = $hash; size = (Get-Item "delivery/$filename").Length[0m
2026-09-18T06:48:57.6370319Z [36;1m  delivery_mode = 'manual_installer'; stable_auto_update = $false[0m
2026-09-18T06:48:57.6370805Z [36;1m  runner_install_smoke = 'passed'; customer_machine_acceptance = 'not_verified'[0m
2026-09-18T06:48:57.6371500Z [36;1m  warning = $(if ($state -eq 'unsigned') { '未签名安装包，Windows 可能显示未知发布者或安全提示；不进入稳定自动更新。' } else { '' })[0m
2026-09-18T06:48:57.6372306Z [36;1m} | ConvertTo-Json | Set-Content delivery/delivery-receipt.json -Encoding utf8[0m
2026-09-18T06:48:57.6372845Z [36;1mGet-Content delivery/delivery-receipt.json >> $env:GITHUB_STEP_SUMMARY[0m
2026-09-18T06:48:57.6444727Z shell: C:\Program Files\PowerShell\7\pwsh.EXE -command ". '{0}'"
2026-09-18T06:48:57.6445081Z env:
2026-09-18T06:48:57.6445346Z   XCAGI_BUILD_SHA: 54325894cc6e3fc2becfcbc98697a099310d9420
2026-09-18T06:48:57.6445672Z   PYTHONUTF8: 1
2026-09-18T06:48:57.6445923Z   PYTHONIOENCODING: utf-8
2026-09-18T06:48:57.6446175Z   ES_USERNAME: 
2026-09-18T06:48:57.6446410Z   ES_PASSWORD: 
2026-09-18T06:48:57.6446599Z   CREDENTIAL_ID: 
2026-09-18T06:48:57.6446803Z   ES_TOTP_SECRET: 
2026-09-18T06:48:57.6447020Z   XCAGI_WINDOWS_PUBLISHER_NAME: 
2026-09-18T06:48:57.6447302Z   XCAGI_WINDOWS_SIGNING_PROVIDER: sslcom
2026-09-18T06:48:57.6447575Z   XCAGI_REQUIRE_WINDOWS_SIGNING: 0
2026-09-18T06:48:57.6447907Z   pythonLocation: C:\hostedtoolcache\windows\Python\3.11.9\x64
2026-09-18T06:48:57.6448362Z   PKG_CONFIG_PATH: C:\hostedtoolcache\windows\Python\3.11.9\x64/lib/pkgconfig
2026-09-18T06:48:57.6448807Z   Python_ROOT_DIR: C:\hostedtoolcache\windows\Python\3.11.9\x64
2026-09-18T06:48:57.6449228Z   Python2_ROOT_DIR: C:\hostedtoolcache\windows\Python\3.11.9\x64
2026-09-18T06:48:57.6449632Z   Python3_ROOT_DIR: C:\hostedtoolcache\windows\Python\3.11.9\x64
2026-09-18T06:48:57.6449973Z   DOTNET_ROOT: C:\Program Files\dotnet
2026-09-18T06:48:57.6450243Z   DELIVERY_VERSION: 1.0.0.5
2026-09-18T06:48:57.6450472Z ##[endgroup]
2026-09-18T06:48:59.9105656Z Node 20 is being deprecated. This workflow is running with Node 24 by default. If you need to temporarily use Node 20, you can set the ACTIONS_ALLOW_USE_UNSECURE_NODE_VERSION=true environment variable. For more information see: https://github.blog/changelog/2025-09-19-deprecation-of-node-20-on-github-actions-runners/
2026-09-18T06:48:59.9106968Z ##[group]Run actions/upload-artifact@v4
2026-09-18T06:48:59.9107258Z with:
2026-09-18T06:48:59.9107599Z   name: xcagi-windows-installer-54325894cc6e3fc2becfcbc98697a099310d9420
2026-09-18T06:48:59.9108412Z   path: FHD/delivery/XCAGI-Enterprise-Setup-1.0.0.5-x64-*.exe
FHD/delivery/XCAGI-Enterprise-Setup-1.0.0.5-x64-*.exe.sha256
FHD/delivery/delivery-receipt.json

2026-09-18T06:48:59.9109118Z   if-no-files-found: error
2026-09-18T06:48:59.9109373Z   retention-days: 30
2026-09-18T06:48:59.9109606Z   compression-level: 6
2026-09-18T06:48:59.9109842Z   overwrite: false
2026-09-18T06:48:59.9110272Z   include-hidden-files: false
2026-09-18T06:48:59.9110583Z env:
2026-09-18T06:48:59.9110843Z   XCAGI_BUILD_SHA: 54325894cc6e3fc2becfcbc98697a099310d9420
2026-09-18T06:48:59.9111166Z   PYTHONUTF8: 1
2026-09-18T06:48:59.9111382Z   PYTHONIOENCODING: utf-8
2026-09-18T06:48:59.9111614Z   ES_USERNAME: 
2026-09-18T06:48:59.9111818Z   ES_PASSWORD: 
2026-09-18T06:48:59.9112026Z   CREDENTIAL_ID: 
2026-09-18T06:48:59.9112231Z   ES_TOTP_SECRET: 
2026-09-18T06:48:59.9112449Z   XCAGI_WINDOWS_PUBLISHER_NAME: 
2026-09-18T06:48:59.9112737Z   XCAGI_WINDOWS_SIGNING_PROVIDER: sslcom
2026-09-18T06:48:59.9113019Z   XCAGI_REQUIRE_WINDOWS_SIGNING: 0
2026-09-18T06:48:59.9113354Z   pythonLocation: C:\hostedtoolcache\windows\Python\3.11.9\x64
2026-09-18T06:48:59.9113801Z   PKG_CONFIG_PATH: C:\hostedtoolcache\windows\Python\3.11.9\x64/lib/pkgconfig
2026-09-18T06:48:59.9114256Z   Python_ROOT_DIR: C:\hostedtoolcache\windows\Python\3.11.9\x64
2026-09-18T06:48:59.9114665Z   Python2_ROOT_DIR: C:\hostedtoolcache\windows\Python\3.11.9\x64
2026-09-18T06:48:59.9115080Z   Python3_ROOT_DIR: C:\hostedtoolcache\windows\Python\3.11.9\x64
2026-09-18T06:48:59.9115425Z   DOTNET_ROOT: C:\Program Files\dotnet
2026-09-18T06:48:59.9115716Z ##[endgroup]
2026-09-18T06:49:01.4532842Z (node:7908) [DEP0040] DeprecationWarning: The `punycode` module is deprecated. Please use a userland alternative instead.
2026-09-18T06:49:01.4533656Z (Use `node --trace-deprecation ...` to show where the warning was created)
2026-09-18T06:49:01.4740639Z With the provided path, there will be 3 files uploaded
2026-09-18T06:49:01.4746409Z Artifact name is valid!
2026-09-18T06:49:01.4748789Z Root directory input is valid!
2026-09-18T06:49:01.9859796Z Beginning upload of artifact content to blob storage
2026-09-18T06:49:02.3442768Z (node:7908) [DEP0169] DeprecationWarning: `url.parse()` behavior is not standardized and prone to errors that have security implications. Use the WHATWG URL API instead. CVEs are not issued for `url.parse()` vulnerabilities.
2026-09-18T06:49:03.0956754Z Uploaded bytes 8388608
2026-09-18T06:49:03.4420275Z Uploaded bytes 16777216
2026-09-18T06:49:03.5022417Z Uploaded bytes 25165824
2026-09-18T06:49:03.5302363Z Uploaded bytes 33554432
2026-09-18T06:49:03.8470425Z Uploaded bytes 41943040
2026-09-18T06:49:03.9963911Z Uploaded bytes 50331648
2026-09-18T06:49:04.2349884Z Uploaded bytes 58720256
2026-09-18T06:49:04.4662932Z Uploaded bytes 67108864
2026-09-18T06:49:04.8122266Z Uploaded bytes 75497472
2026-09-18T06:49:05.0281699Z Uploaded bytes 83886080
2026-09-18T06:49:05.2933897Z Uploaded bytes 92274688
2026-09-18T06:49:05.5255782Z Uploaded bytes 100663296
2026-09-18T06:49:05.7921324Z Uploaded bytes 109051904
2026-09-18T06:49:06.0753350Z Uploaded bytes 117440512
2026-09-18T06:49:06.3143673Z Uploaded bytes 125829120
2026-09-18T06:49:06.6611934Z Uploaded bytes 134217728
2026-09-18T06:49:06.9615935Z Uploaded bytes 142606336
2026-09-18T06:49:07.1454274Z Uploaded bytes 150994944
2026-09-18T06:49:07.4523090Z Uploaded bytes 159383552
2026-09-18T06:49:07.7017638Z Uploaded bytes 167772160
2026-09-18T06:49:08.0190082Z Uploaded bytes 176160768
2026-09-18T06:49:08.2645885Z Uploaded bytes 184549376
2026-09-18T06:49:08.5683517Z Uploaded bytes 192937984
2026-09-18T06:49:08.7758242Z Uploaded bytes 201326592
2026-09-18T06:49:09.0577952Z Uploaded bytes 209715200
2026-09-18T06:49:09.2478108Z Uploaded bytes 218103808
2026-09-18T06:49:09.5244213Z Uploaded bytes 226492416
2026-09-18T06:49:09.7658719Z Uploaded bytes 234881024
2026-09-18T06:49:10.1229891Z Uploaded bytes 243269632
2026-09-18T06:49:10.2487602Z Uploaded bytes 248458924
2026-09-18T06:49:10.3050334Z Finished uploading artifact content to blob storage!
2026-09-18T06:49:10.3064482Z SHA256 digest of uploaded artifact zip is fe562f31cc3bf02cb4bbf133f76db860d75f1fe8a9d80ec75a72f9ae4a5831e0
2026-09-18T06:49:10.3066705Z Finalizing artifact upload
2026-09-18T06:49:10.5986519Z Artifact xcagi-windows-installer-54325894cc6e3fc2becfcbc98697a099310d9420.zip successfully finalized. Artifact ID 10535401331
2026-09-18T06:49:10.5989752Z Artifact xcagi-windows-installer-54325894cc6e3fc2becfcbc98697a099310d9420 has been successfully uploaded! Final size is 248458924 bytes. Artifact ID is 10535401331
2026-09-18T06:49:10.6027690Z Artifact download URL: https://github.com/42433422/XCMAX/actions/runs/35315576570/artifacts/10535401331
2026-09-18T06:49:10.6474381Z ##[group]Run $n = "本次走 Windows 安装包交付通道（windows_installer_only=true）：正式发布链全部跳过，线上发布指针未推进，官网对外版本不变。"
2026-09-18T06:49:10.6475095Z [36;1m$n = "本次走 Windows 安装包交付通道（windows_installer_only=true）：正式发布链全部跳过，线上发布指针未推进，官网对外版本不变。"[0m
2026-09-18T06:49:10.6475674Z [36;1mWrite-Host "::warning::$n"; "### 未执行正式发布链`n$n" | Add-Content $env:GITHUB_STEP_SUMMARY[0m
2026-09-18T06:49:10.6544782Z shell: C:\Program Files\PowerShell\7\pwsh.EXE -command ". '{0}'"
2026-09-18T06:49:10.6545113Z env:
2026-09-18T06:49:10.6545364Z   XCAGI_BUILD_SHA: 54325894cc6e3fc2becfcbc98697a099310d9420
2026-09-18T06:49:10.6545664Z   PYTHONUTF8: 1
2026-09-18T06:49:10.6545904Z   PYTHONIOENCODING: utf-8
2026-09-18T06:49:10.6546111Z   ES_USERNAME: 
2026-09-18T06:49:10.6546279Z   ES_PASSWORD: 
2026-09-18T06:49:10.6546452Z   CREDENTIAL_ID: 
2026-09-18T06:49:10.6546636Z   ES_TOTP_SECRET: 
2026-09-18T06:49:10.6546834Z   XCAGI_WINDOWS_PUBLISHER_NAME: 
2026-09-18T06:49:10.6547117Z   XCAGI_WINDOWS_SIGNING_PROVIDER: sslcom
2026-09-18T06:49:10.6547380Z   XCAGI_REQUIRE_WINDOWS_SIGNING: 0
2026-09-18T06:49:10.6547772Z   pythonLocation: C:\hostedtoolcache\windows\Python\3.11.9\x64
2026-09-18T06:49:10.6548198Z   PKG_CONFIG_PATH: C:\hostedtoolcache\windows\Python\3.11.9\x64/lib/pkgconfig
2026-09-18T06:49:10.6548615Z   Python_ROOT_DIR: C:\hostedtoolcache\windows\Python\3.11.9\x64
2026-09-18T06:49:10.6548999Z   Python2_ROOT_DIR: C:\hostedtoolcache\windows\Python\3.11.9\x64
2026-09-18T06:49:10.6549379Z   Python3_ROOT_DIR: C:\hostedtoolcache\windows\Python\3.11.9\x64
2026-09-18T06:49:10.6549701Z   DOTNET_ROOT: C:\Program Files\dotnet
2026-09-18T06:49:10.6549953Z ##[endgroup]
2026-09-18T06:49:10.9635574Z ##[warning]本次走 Windows 安装包交付通道（windows_installer_only=true）：正式发布链全部跳过，线上发布指针未推进，官网对外版本不变。
2026-09-18T06:49:11.0477840Z Node 20 is being deprecated. This workflow is running with Node 24 by default. If you need to temporarily use Node 20, you can set the ACTIONS_ALLOW_USE_UNSECURE_NODE_VERSION=true environment variable. For more information see: https://github.blog/changelog/2025-09-19-deprecation-of-node-20-on-github-actions-runners/
2026-09-18T06:49:11.0479158Z Post job cleanup.
2026-09-18T06:49:11.2693061Z (node:2448) [DEP0040] DeprecationWarning: The `punycode` module is deprecated. Please use a userland alternative instead.
2026-09-18T06:49:11.2879132Z (Use `node --trace-deprecation ...` to show where the warning was created)
2026-09-18T06:49:11.3072662Z Node 20 is being deprecated. This workflow is running with Node 24 by default. If you need to temporarily use Node 20, you can set the ACTIONS_ALLOW_USE_UNSECURE_NODE_VERSION=true environment variable. For more information see: https://github.blog/changelog/2025-09-19-deprecation-of-node-20-on-github-actions-runners/
2026-09-18T06:49:11.3076584Z Post job cleanup.
2026-09-18T06:49:11.5333803Z (node:8204) [DEP0040] DeprecationWarning: The `punycode` module is deprecated. Please use a userland alternative instead.
2026-09-18T06:49:11.5335314Z (Use `node --trace-deprecation ...` to show where the warning was created)
2026-09-18T06:49:11.7172201Z [command]"C:\Program Files\Git\usr\bin\tar.exe" --posix -cf cache.tzst --exclude cache.tzst -P -C D:/a/XCMAX/XCMAX --files-from manifest.txt --force-local --use-compress-program "zstd -T0"
2026-09-18T06:49:13.4916105Z (node:8204) [DEP0169] DeprecationWarning: `url.parse()` behavior is not standardized and prone to errors that have security implications. Use the WHATWG URL API instead. CVEs are not issued for `url.parse()` vulnerabilities.
2026-09-18T06:49:14.4816063Z Sent 0 of 258019045 (0.0%), 0.0 MBs/sec
2026-09-18T06:49:14.8888851Z Sent 258019045 of 258019045 (100.0%), 174.3 MBs/sec
2026-09-18T06:49:15.0828668Z Cache saved with the key: node-cache-Windows-x64-npm-8069be3e00d73bcf2e67b27c64bd927093ce8bb05762590f379aca81a54a2b49
2026-09-18T06:49:15.1268293Z Node 20 is being deprecated. This workflow is running with Node 24 by default. If you need to temporarily use Node 20, you can set the ACTIONS_ALLOW_USE_UNSECURE_NODE_VERSION=true environment variable. For more information see: https://github.blog/changelog/2025-09-19-deprecation-of-node-20-on-github-actions-runners/
2026-09-18T06:49:15.1269622Z Post job cleanup.
2026-09-18T06:49:15.3830492Z (node:5420) [DEP0040] DeprecationWarning: The `punycode` module is deprecated. Please use a userland alternative instead.
2026-09-18T06:49:15.3831574Z (Use `node --trace-deprecation ...` to show where the warning was created)
2026-09-18T06:49:15.4929020Z [command]"C:\Program Files\Git\usr\bin\tar.exe" --posix -cf cache.tzst --exclude cache.tzst -P -C D:/a/XCMAX/XCMAX --files-from manifest.txt --force-local --use-compress-program "zstd -T0"
2026-09-18T06:49:16.6606862Z (node:5420) [DEP0169] DeprecationWarning: `url.parse()` behavior is not standardized and prone to errors that have security implications. Use the WHATWG URL API instead. CVEs are not issued for `url.parse()` vulnerabilities.
2026-09-18T06:49:17.6514352Z Sent 0 of 250316378 (0.0%), 0.0 MBs/sec
2026-09-18T06:49:18.4094912Z Sent 250316378 of 250316378 (100.0%), 135.5 MBs/sec
2026-09-18T06:49:18.6055400Z Cache saved with the key: setup-python-Windows-x64-python-3.11.9-pip-3ccf4d569d96c3357aa8815ba8d7e374a89df7b10267be8c6e314b1fa8b7fc29
2026-09-18T06:49:18.6379864Z Node 20 is being deprecated. This workflow is running with Node 24 by default. If you need to temporarily use Node 20, you can set the ACTIONS_ALLOW_USE_UNSECURE_NODE_VERSION=true environment variable. For more information see: https://github.blog/changelog/2025-09-19-deprecation-of-node-20-on-github-actions-runners/
2026-09-18T06:49:18.6381129Z Post job cleanup.
2026-09-18T06:49:18.8784123Z [command]"C:\Program Files\Git\bin\git.exe" version
2026-09-18T06:49:19.0599516Z git version 2.55.0.windows.5
2026-09-18T06:49:19.0669998Z Temporarily overriding HOME='D:\a\_temp\4cbade72-378f-437c-bcb9-d6adca7487cb' before making global git config changes
2026-09-18T06:49:19.0671144Z Adding repository directory to the temporary git global config as a safe directory
2026-09-18T06:49:19.0681263Z [command]"C:\Program Files\Git\bin\git.exe" config --global --add safe.directory D:\a\XCMAX\XCMAX
2026-09-18T06:49:19.1241655Z [command]"C:\Program Files\Git\bin\git.exe" config --local --name-only --get-regexp core\.sshCommand
2026-09-18T06:49:19.1602781Z [command]"C:\Program Files\Git\bin\git.exe" submodule foreach --recursive "sh -c \"git config --local --name-only --get-regexp 'core\.sshCommand' && git config --local --unset-all 'core.sshCommand' || :\""
2026-09-18T06:49:19.9434192Z [command]"C:\Program Files\Git\bin\git.exe" config --local --name-only --get-regexp http\.https\:\/\/github\.com\/\.extraheader
2026-09-18T06:49:19.9695117Z http.https://github.com/.extraheader
2026-09-18T06:49:19.9742947Z [command]"C:\Program Files\Git\bin\git.exe" config --local --unset-all http.https://github.com/.extraheader
2026-09-18T06:49:20.0079879Z [command]"C:\Program Files\Git\bin\git.exe" submodule foreach --recursive "sh -c \"git config --local --name-only --get-regexp 'http\.https\:\/\/github\.com\/\.extraheader' && git config --local --unset-all 'http.https://github.com/.extraheader' || :\""
2026-09-18T06:49:20.5469601Z [command]"C:\Program Files\Git\bin\git.exe" config --local --name-only --get-regexp ^includeIf\.gitdir:
2026-09-18T06:49:20.5797887Z [command]"C:\Program Files\Git\bin\git.exe" submodule foreach --recursive "git config --local --show-origin --name-only --get-regexp remote.origin.url"
2026-09-18T06:49:21.1690401Z Cleaning up orphan processes
2026-09-18T06:49:21.5718619Z Terminate orphan process: pid (5520) (VBCSCompiler)
2026-09-18T06:49:21.5784069Z Terminate orphan process: pid (8276) (conhost)
2026-09-18T06:49:21.6073456Z ##[warning]Node.js 20 is deprecated. The following actions target Node.js 20 but are being forced to run on Node.js 24: actions/checkout@v4, actions/setup-dotnet@v4, actions/setup-node@v4, actions/setup-python@v5, actions/upload-artifact@v4. For more information see: https://github.blog/changelog/2025-09-19-deprecation-of-node-20-on-github-actions-runners/
